date_of_sale ,street,postal_code,county,price ,not_full_market_price,vat_exclusive,property_name
1/1/2020,"APT 1 LEE HOUSE, STRAND LANE  THE QUAY, CARRICK ON SUIR",,Tipperary,120000,No,No,Second-Hand Dwelling house /Apartment
1/1/2020,"Lands at Cliffor'd Field, Treanoughtragh, Glenbeigh",,Kerry,248681,No,Yes,New Dwelling house /Apartment
1/1/2020,"ROSSACOOSANE, TEMPLENOE, KENMARE",,Kerry,450000,No,No,Second-Hand Dwelling house /Apartment
1/1/2020,"Site 4, Clifford's Field, Treanoughtragh",,Kerry,286950,No,Yes,New Dwelling house /Apartment
2/1/2020,"105 DONAGHMORE, THE ANCHORAGE, BETTYSTOWN",,Meath,125000,No,No,Second-Hand Dwelling house /Apartment
2/1/2020,"109 Cedar Walk, Castleoaks, Dublin Road",,Carlow,211410,No,Yes,New Dwelling house /Apartment
2/1/2020,"11 OAK GLADE COURT, BLESSINGTON RD, NAAS",,Kildare,204000,No,No,Second-Hand Dwelling house /Apartment
2/1/2020,"12 WHITECLIFF, WHITECHURCH RD, RATHFARNHAM DUBLIN 16",Dublin 16,Dublin,565000,No,No,Second-Hand Dwelling house /Apartment
2/1/2020,"125 MILL TOWN HALL, MT ST ANNES, MILLTOWN",Dublin 6,Dublin,588500,No,No,Second-Hand Dwelling house /Apartment
2/1/2020,"13 BLOCK C, THE HARBOUR, CANAL SIDE",,Kildare,40000,No,No,Second-Hand Dwelling house /Apartment
2/1/2020,"15 BLOCK C, THE HARBOUR CANALSIDE, ATHY",,Kildare,40000,No,No,Second-Hand Dwelling house /Apartment
2/1/2020,"16 BLOCK C, THE HARBOUR CANALSIDE, ATHY",,Kildare,52500,No,No,Second-Hand Dwelling house /Apartment
2/1/2020,"16 CHERRY DR, GLENCAIRIN, DOORADOYLE",,Limerick,242000,No,No,Second-Hand Dwelling house /Apartment
2/1/2020,"16 Marlmount Walk, Dundalk",,Louth,233481,No,Yes,New Dwelling house /Apartment
2/1/2020,"16 STRATFORD HAVEN, RATHGAR, DUBLIN 6",Dublin 6,Dublin,232500,No,No,Second-Hand Dwelling house /Apartment
2/1/2020,"17 BLOCK C, THE HARBOUR CANALSIDE, ATHY",,Kildare,40000,No,No,Second-Hand Dwelling house /Apartment
2/1/2020,"18 OAKWOOD RETIREMENT VILLAGE, HAWTHORN DRIVE, ROSCOMMON",,Roscommon,55000,No,No,Second-Hand Dwelling house /Apartment
2/1/2020,"20 ST EITHNE ROAD, CABRA, DUBLIN 7",,Dublin,360000,No,No,Second-Hand Dwelling house /Apartment
2/1/2020,"22 Athlumney Close, Kentstown Road, Navan",,Meath,259911,No,Yes,New Dwelling house /Apartment
2/1/2020,"26 WATERVILLE HOLIDAY HOMES, WATERVILLE, KERRY",,Kerry,138000,No,No,Second-Hand Dwelling house /Apartment
2/1/2020,"3  The Orchard, Gleann Ull, Ballyhooly",,Cork,220264.32,No,Yes,New Dwelling house /Apartment
2/1/2020,"30 BLOCK C, HARBOUR CANALSIDE, ATHY",,Kildare,40000,No,No,Second-Hand Dwelling house /Apartment
2/1/2020,"32 THE BLOCK C, THE HARBOUR CANALSIDE, ATHY",,Kildare,40000,No,No,Second-Hand Dwelling house /Apartment
2/1/2020,"34 BLOCK C, HARBOUR CANALSIDE, ATHY",,Kildare,40000,No,No,Second-Hand Dwelling house /Apartment
2/1/2020,"4 Belarmine View, Belarmine Woods, Stepaside",,Dublin,555066.07,No,Yes,New Dwelling house /Apartment
2/1/2020,"41 Fairhaven Avenue, Castleknock Road, Castleknock",,Dublin,660000,No,Yes,New Dwelling house /Apartment
2/1/2020,"44 CASTLE FALLS, ROSS RD, KILLARNEY",,Kerry,285000,No,No,Second-Hand Dwelling house /Apartment
2/1/2020,"47 BLOCK C, HARBOUR CANALSIDE, ATHY",,Kildare,40000,No,No,Second-Hand Dwelling house /Apartment
2/1/2020,"48 BLOCK C, HARBOUR CANALSIDE, ATHY",,Kildare,45000,No,No,Second-Hand Dwelling house /Apartment
2/1/2020,"49 BLOCK C, HARBOUR, CANALSIDE",,Kildare,40000,No,No,Second-Hand Dwelling house /Apartment
2/1/2020,"5 WILLIAM BECKETT HOUSE, PEMBROKE ROW, DUBLIN",Dublin 2,Dublin,624600,No,No,Second-Hand Dwelling house /Apartment
2/1/2020,"50 BLOCK C, HARBOUR CANALSIDE, ATHY",,Kildare,52500,No,No,Second-Hand Dwelling house /Apartment
2/1/2020,"51 BLOCK C, HARBOUR CANALSIDE, ATHY",,Kildare,40000,No,No,Second-Hand Dwelling house /Apartment
2/1/2020,"53 Cnoc Tiarnach, Grange End, Dunshaughlin",,Meath,339207.05,No,Yes,New Dwelling house /Apartment
2/1/2020,"53 INIS CLAIR, KILDYSART RD, CLARECASTLE",,Clare,205000,No,No,Second-Hand Dwelling house /Apartment
2/1/2020,"7 HAYDENS PARK DR, LUCAN, DUBLIN",,Dublin,478000,No,No,Second-Hand Dwelling house /Apartment
2/1/2020,"7 MAPLEWOOD RD, SPRINGFIELD, TALLAGHT DUBLIN 24",Dublin 24,Dublin,208000,No,No,Second-Hand Dwelling house /Apartment
2/1/2020,"99 RIVERSIDE, PORTARLINGTON, OFFALY",,Offaly,58000,No,No,Second-Hand Dwelling house /Apartment
2/1/2020,"APARTMENT 311, SWIFTWOOD DEVELOPMENT, SAGGART",,Dublin,250000,No,No,Second-Hand Dwelling house /Apartment
2/1/2020,"APT 2 STOCKWELL CLOSE, STOCKWELL ST, DROGHEDA",,Louth,100000,No,No,Second-Hand Dwelling house /Apartment
2/1/2020,"CASTLEREAGH, BALLYMACARBERY, WATERFORD",,Waterford,160000,No,No,Second-Hand Dwelling house /Apartment
2/1/2020,"GRAIGUE, NEW ROAD, MOUNTMELLICK",,Laois,168000,No,No,Second-Hand Dwelling house /Apartment
2/1/2020,"KILADEN, DRUMCONRATH, NAVAN",,Meath,100000,No,No,Second-Hand Dwelling house /Apartment
2/1/2020,"KILLUPPAN AHASCRAGH, BALLINASLOE, GALWAY",,Galway,64000,No,No,Second-Hand Dwelling house /Apartment
2/1/2020,"MILL RD, KINLOUGH, LEITRIM",,Leitrim,180000,No,No,Second-Hand Dwelling house /Apartment
2/1/2020,"NANOOK, CASTLEFARM, MONKSTOWN",,Cork,365000,No,No,Second-Hand Dwelling house /Apartment
2/1/2020,"SHALVEY, KILCAR, DONEGAL",,Donegal,60000,No,No,Second-Hand Dwelling house /Apartment
2/1/2020,"THE COTTAGE, BARRACK STREET, TALLOW",,Waterford,63750,No,No,Second-Hand Dwelling house /Apartment
3/1/2020,"1 CHAPEL VIEW, LUCAN, DUBLIN",,Dublin,250000,No,No,Second-Hand Dwelling house /Apartment
3/1/2020,"1 LAUREL COURT, LOUGHBOY, KILKENNY",,Kilkenny,193000,No,No,Second-Hand Dwelling house /Apartment
3/1/2020,"1 Millquarter, Knockmullen, Gorey",,Wexford,309493,No,Yes,New Dwelling house /Apartment
3/1/2020,"126 BALLINTEER CLOSE, BALLINTEER, DUBLIN 16",Dublin 16,Dublin,640000,No,No,Second-Hand Dwelling house /Apartment
3/1/2020,"134 SLI GHEAL BALLYMONEEN RD, GALWAY",,Galway,275000,No,No,Second-Hand Dwelling house /Apartment
3/1/2020,"144 WEST AVE, PARKGATE, FRANKFIELD",,Cork,91104.32,Yes,No,Second-Hand Dwelling house /Apartment
3/1/2020,"15 Maydenhayes Crescent, Mornington, Co Meath",,Meath,300881.06,No,Yes,New Dwelling house /Apartment
3/1/2020,"16 BRUACH NO SIONNA, O'BRIENS BRIDGE, CO CLARE",,Clare,102500,No,No,Second-Hand Dwelling house /Apartment
3/1/2020,"16 FATHER FLOOD PARK, DUNDERRY, NAVAN",,Meath,150000,No,No,Second-Hand Dwelling house /Apartment
3/1/2020,"17 INNISHMAAN RD, GAELTACHT PARK, WHITEHALL DUBLIN 9",Dublin 9,Dublin,266000,No,No,Second-Hand Dwelling house /Apartment
3/1/2020,"17 THE WILLOWS, CLOONBALT, LONGFORD",,Longford,140000,No,No,Second-Hand Dwelling house /Apartment
3/1/2020,"19 Proby Place  Proby Square, Carysfort Avenue, Blackrock",,Dublin,881057.27,No,Yes,New Dwelling house /Apartment
3/1/2020,"19 WASHINGTON COURT, CORK, CORK",,Cork,225000,No,No,Second-Hand Dwelling house /Apartment
3/1/2020,"2 ASHE ROAD, SHANTALLA, GALWAY",,Galway,270000,No,No,Second-Hand Dwelling house /Apartment
3/1/2020,"20 SWIFTBROOK PARK, TALLAGHT, DUBLIN 24",Dublin 24,Dublin,140000,No,No,Second-Hand Dwelling house /Apartment
3/1/2020,"21 MERRION VIEW AVE, MERRION RD, DUBLIN 4",Dublin 4,Dublin,1030000,No,No,Second-Hand Dwelling house /Apartment
3/1/2020,"27 RAVENSDALE RD, EAST WALL, DUBLIN 3",Dublin 3,Dublin,310000,No,No,Second-Hand Dwelling house /Apartment
3/1/2020,"28 LAKEVIEW, VIRGINIA, CAVAN",,Cavan,185000,No,No,Second-Hand Dwelling house /Apartment
3/1/2020,"29 STATIONCOURT PARK, COOLMINE, DUBLIN 15",Dublin 15,Dublin,277000,No,No,Second-Hand Dwelling house /Apartment
3/1/2020,"3 KILDERMOT LANE, BALLYMONEY, GOREY",,Wexford,350000,No,No,Second-Hand Dwelling house /Apartment
3/1/2020,"31 The Grove, St. Marnocks Bay, Station Road",,Dublin,308370,No,Yes,New Dwelling house /Apartment
3/1/2020,"32 CASTLEWOOD PARK, KILLERISK, TRALEE",,Kerry,170000,No,No,Second-Hand Dwelling house /Apartment
3/1/2020,"33 CASTLEWELL, SOUTH CIRCULAR ROAD, LIMERICK",,Limerick,290000,No,No,Second-Hand Dwelling house /Apartment
3/1/2020,"38 CARRAIG ABHAINN, BALLISODARE, CO SLIGO",,Sligo,210000,No,No,Second-Hand Dwelling house /Apartment
3/1/2020,"38 CHESTNUT AVE, ESKER HILLS, PORTLAOISE",,Laois,190000,No,No,Second-Hand Dwelling house /Apartment
3/1/2020,"39 WOODVIEW, ASHFORD, WICKLOW",,Wicklow,190000,No,No,Second-Hand Dwelling house /Apartment
3/1/2020,"4 BALLYBRIT COURT, MONIVEA RD, GALWAY",,Galway,250000,No,No,Second-Hand Dwelling house /Apartment
3/1/2020,"4 CLUAIN OIR, MONAMOLIN, GOREY",,Wexford,140000,No,No,Second-Hand Dwelling house /Apartment
3/1/2020,"49 KINGS HILL, NEWPORT RD, WESTPORT",,Mayo,220000,No,No,Second-Hand Dwelling house /Apartment
3/1/2020,"5 DUNMORE, THE HEADLANDS, SARSFIELD RD",,Cork,185000,No,No,Second-Hand Dwelling house /Apartment
3/1/2020,"5 MARLAY VIEW, BALLINTEER AVE, DUBLIN 16",Dublin 16,Dublin,335000,No,No,Second-Hand Dwelling house /Apartment
3/1/2020,"53 RAVENSWOOD, GREGG ROAD, CARRICK ON SUIR",,Tipperary,128000,No,No,Second-Hand Dwelling house /Apartment
3/1/2020,"66 COOLMINE PARK, CLONSILLA, DUBLIN 15",Dublin 15,Dublin,330000,No,No,Second-Hand Dwelling house /Apartment
3/1/2020,"7 Oak Park Green, Oak Park, Craddockstown",,Kildare,288545.36,No,Yes,New Dwelling house /Apartment
3/1/2020,"83 MERRION PARK, BOOTERSTOWN, DUBLIN",,Dublin,545000,No,No,Second-Hand Dwelling house /Apartment
3/1/2020,"97 BISHOPSWATER, WEXFORD, WEXFORD",,Wexford,120000,No,No,Second-Hand Dwelling house /Apartment
3/1/2020,"APT 17, CHAPEL COURT, CLAREMORRIS",,Mayo,75000,No,No,Second-Hand Dwelling house /Apartment
3/1/2020,"APT 2, BLOCK 22 RAILWAY RD, CLONGRIFFIN DUBLIN 13",Dublin 13,Dublin,137966.87,Yes,No,Second-Hand Dwelling house /Apartment
3/1/2020,"BALLYLIBERNAGH, BALLYCOGLEY, WEXFORD",,Wexford,145000,No,No,Second-Hand Dwelling house /Apartment
3/1/2020,"CLOUGHGLASS, BURTONPORT, CO DONEGAL",,Donegal,87000,No,No,Second-Hand Dwelling house /Apartment
3/1/2020,"COTTAGE, SHEEPGRANGE TULLYALLEN, DROGHEDA",,Louth,50000,No,No,Second-Hand Dwelling house /Apartment
3/1/2020,"DRUMMALLAGHT, NEW INNS, BALLYJAMESDUFF",,Cavan,27000,No,No,Second-Hand Dwelling house /Apartment
3/1/2020,"GRAIGUES, ROBERTSTOWN, NAAS",,Kildare,535000,No,No,Second-Hand Dwelling house /Apartment
3/1/2020,"GROVE, CUFFESGRANGE, KILKENNY",,Kilkenny,120000,No,No,Second-Hand Dwelling house /Apartment
3/1/2020,"GUBNAHARDIA, CURRANE, ACHILL",,Mayo,150000,No,No,Second-Hand Dwelling house /Apartment
3/1/2020,"KILLANLEY LODGE, KILLANLEY, BALLINA",,Sligo,330000,No,No,Second-Hand Dwelling house /Apartment
3/1/2020,"MOY, KINVARA, GALWAY",,Galway,345000,No,No,Second-Hand Dwelling house /Apartment
3/1/2020,"MULLAVALLEY, LOUTH VILLAGE, DUNDALK",,Louth,205000,No,No,Second-Hand Dwelling house /Apartment
3/1/2020,"RATHNACREEVA, BALLYGLASS, CLAREMORRIS",,Roscommon,57500,No,No,Second-Hand Dwelling house /Apartment
3/1/2020,"REEN, BALLINSKELLIGS, CO KERRY",,Kerry,240000,No,No,Second-Hand Dwelling house /Apartment
3/1/2020,"SEACH MOR HOUSE, BELCRUIT MEENBANAD, BURTONPORT",,Donegal,83000,No,No,Second-Hand Dwelling house /Apartment
4/1/2020,"12 The Lane, Whitefield Manor, Bettystown",,Meath,259911.89,No,Yes,New Dwelling house /Apartment
6/1/2020,"1 FOYLE VIEW APTS, BATH TERRACE, MOVILLE",,Donegal,50000,No,No,Second-Hand Dwelling house /Apartment
6/1/2020,"1 Grand Canal View, St. James's Terrace, Dolphin's Barn",,Dublin,497797.36,No,Yes,New Dwelling house /Apartment
6/1/2020,"1 ROSS VIEW, BUNDORAN, DONEGAL",,Donegal,118000,No,No,Second-Hand Dwelling house /Apartment
6/1/2020,"1 SAINT ORANS PARK, BUNCRANA, LIFFORD",,Donegal,220000,No,No,Second-Hand Dwelling house /Apartment
6/1/2020,"10 ARDKEALE, MOUNT OVAL VILLAGE, ROCHESTOWN",,Cork,255000,No,No,Second-Hand Dwelling house /Apartment
6/1/2020,"10 MT AUBURN CLOSE, BRYANSTOWN MANOR, DROGHEDA",,Louth,225000,No,No,Second-Hand Dwelling house /Apartment
6/1/2020,"10 PROBY HALL, KILLINEY RD, CO DUBLIN",,Dublin,360000,No,No,Second-Hand Dwelling house /Apartment
6/1/2020,"10 THE SYCAMORES, CLASES LAKE, BALLINCOLLIG",,Cork,260000,No,No,Second-Hand Dwelling house /Apartment
6/1/2020,"101 SALLINS PIER, SALLINS, KILDARE",,Kildare,283000,No,No,Second-Hand Dwelling house /Apartment
6/1/2020,"11 REDWOOD, HOLLYSTOWN, DUBLIN 15",Dublin 15,Dublin,302000,No,No,Second-Hand Dwelling house /Apartment
6/1/2020,"12 DEERPARK HEIGHTS, CARLNSTOWN, KELLS",,Meath,90000,No,No,Second-Hand Dwelling house /Apartment
6/1/2020,"12 UILINN, MOYCULLEN, GALWAY",,Galway,295000,No,No,Second-Hand Dwelling house /Apartment
6/1/2020,"121 BOROIMHE BEECH, SWORDS, DUBLIN",,Dublin,230000,No,No,Second-Hand Dwelling house /Apartment
6/1/2020,"130 DELMEGE PARK, MOYROSS, LIMERICK",,Limerick,35000,No,No,Second-Hand Dwelling house /Apartment
6/1/2020,"14 The Orchard, Watergrasshill",,Cork,251101.32,No,Yes,New Dwelling house /Apartment
6/1/2020,"141 HENNESSYS RD, WATERFORD, WATERFORD",,Waterford,100000,No,No,Second-Hand Dwelling house /Apartment
6/1/2020,"16 DUIRLING, ROSCAM, GALWAY",,Galway,285000,No,No,Second-Hand Dwelling house /Apartment
6/1/2020,"18 PINEVIEW PARK, AYLESBURY, TALLAGHT DUBLIN 24",Dublin 24,Dublin,45000,No,No,Second-Hand Dwelling house /Apartment
6/1/2020,"18 RIVERSIDE LAWNS, KINNEGAD, WESTMEATH",,Westmeath,210000,No,No,Second-Hand Dwelling house /Apartment
6/1/2020,"18 SILVER BIRCH, MONASTERY RD, ROCHESTOWN",,Cork,238000,No,No,Second-Hand Dwelling house /Apartment
6/1/2020,"19 Bollarney Woods, Bollarney North, Wicklow",,Wicklow,313403.45,Yes,Yes,New Dwelling house /Apartment
6/1/2020,"19 KNOCKCARRICK, ANNYALLA, CASTLEBLAYNEY",,Monaghan,205000,No,No,Second-Hand Dwelling house /Apartment
6/1/2020,"2 MOUNT SYMON AVE, CLONSILLA, DUBLIN 15",Dublin 15,Dublin,365000,Yes,No,Second-Hand Dwelling house /Apartment
6/1/2020,"2 PLUNKETT DRIVE, KILKISHEN, CO. CLARE",,Clare,69000,No,No,Second-Hand Dwelling house /Apartment
6/1/2020,"20 Bollarney Woods, Bollarney North, Wicklow",,Wicklow,313403.45,Yes,Yes,New Dwelling house /Apartment
6/1/2020,"21 Bollarney Woods, Bollarney North, Wicklow",,Wicklow,313403.45,Yes,Yes,New Dwelling house /Apartment
6/1/2020,"21 BROOKFIELD, DONEGAL",,Donegal,190000,No,No,Second-Hand Dwelling house /Apartment
6/1/2020,"21 LISHEEN ROW, MALLOW, CORK",,Cork,135000,Yes,No,Second-Hand Dwelling house /Apartment
6/1/2020,"22 Bollarney Woods, Bollarney North, Wicklow",,Wicklow,313403.45,Yes,Yes,New Dwelling house /Apartment
6/1/2020,"22 ORIEL HEIGHTS, COLLON, LOUTH",,Louth,161000,No,No,Second-Hand Dwelling house /Apartment
6/1/2020,"220 Kylemore, Schoolhouse Road, Castletroy",,Limerick,289867.83,No,Yes,New Dwelling house /Apartment
6/1/2020,"23 ST MICHAELS TERRACE, BLACKPITTS, CIRCULAR RD SOUTH DUBLIN 8",Dublin 8,Dublin,435000,No,No,Second-Hand Dwelling house /Apartment
6/1/2020,"24 DEVINE CRESCENT, EDGEWORTHSTOWN, LONGFORD",,Longford,70000,No,No,Second-Hand Dwelling house /Apartment
6/1/2020,"25 KILCARAGH LAWN, LIXNAW, KERRY",,Kerry,158500,No,No,Second-Hand Dwelling house /Apartment
6/1/2020,"25 The Willows, Ballinahinch Wood, Ashford",,Wicklow,339207.05,No,Yes,New Dwelling house /Apartment
6/1/2020,"26 BROOKWAY, TIVOLI RD, CLONMEL",,Tipperary,160000,No,No,Second-Hand Dwelling house /Apartment
6/1/2020,"26 HOLLYBANK WAY, CLONGOWEN, KILKENNY",,Kilkenny,250000,Yes,No,Second-Hand Dwelling house /Apartment
6/1/2020,"26 SCARBH LEATHAN, GREENANE, KANTURK",,Cork,155000,No,No,Second-Hand Dwelling house /Apartment
6/1/2020,"28 Ardilaun Court, Sybil Hill Road, Raheny",,Dublin,506607.93,No,Yes,New Dwelling house /Apartment
6/1/2020,"29 COLLEGE DR, TERENURE, DUBLIN CITY",,Dublin,535000,No,No,Second-Hand Dwelling house /Apartment
6/1/2020,"3 CUL NA TOINNE, BUNBEG, GWEEDORE",,Donegal,80000,No,No,Second-Hand Dwelling house /Apartment
6/1/2020,"3 Dun Eimear Avenue, Bettystown, Co. Meath",,Meath,237885,No,Yes,New Dwelling house /Apartment
6/1/2020,"3 FARNOGUE PARK, WEXFORD",,Wexford,247500,No,No,Second-Hand Dwelling house /Apartment
6/1/2020,"3 FINISK, RIVER VALLEY, SPA GLEN",,Cork,135000,No,No,Second-Hand Dwelling house /Apartment
6/1/2020,"31 THE VILLAGE, BETTYSTOWN, MEATH",,Meath,170000,No,No,Second-Hand Dwelling house /Apartment
6/1/2020,"32 BEWLEY STREET, NEW ROSS, COUNTY WEXFORD",,Wexford,45000,No,No,Second-Hand Dwelling house /Apartment
6/1/2020,"33 HARDIMAN RD, DRUMCONDRA, DUBLIN 9",Dublin 9,Dublin,356250,No,No,Second-Hand Dwelling house /Apartment
6/1/2020,"34 FR BYRNE PARK, GRAIGUECULLEN, CARLOW",,Carlow,150000,No,No,Second-Hand Dwelling house /Apartment
6/1/2020,"36 WINDMILL RD, DROGHEDA, LOUTH",,Louth,175000,Yes,No,Second-Hand Dwelling house /Apartment
6/1/2020,"38 BISHOPS GATE, ENNISKERRY ROAD, KILTERNAN",Dublin 18,Dublin,485000,No,No,Second-Hand Dwelling house /Apartment
6/1/2020,"39 RIVERWOOD GARDENS, CASTLEKNOCK, DUBLIN 15",Dublin 15,Dublin,500000,No,No,Second-Hand Dwelling house /Apartment
6/1/2020,"4 Bracken Court, Old Tramore Road",,Waterford,203275,No,Yes,New Dwelling house /Apartment
6/1/2020,"4 OAKTREE RD, STILLORGAN, DUBLIN",,Dublin,612500,No,No,Second-Hand Dwelling house /Apartment
6/1/2020,"40 O'GROWNEY DRIVE, MULLINGAR, CO. WESTMEATH",,Westmeath,153000,No,No,Second-Hand Dwelling house /Apartment
6/1/2020,"42 CYPRESS GROVE, KILKENNY",,Kilkenny,102000,Yes,No,Second-Hand Dwelling house /Apartment
6/1/2020,"48 WHEATFIELD GROVE, CLONDALKIN, DUBLIN 22",Dublin 22,Dublin,267500,No,No,Second-Hand Dwelling house /Apartment
6/1/2020,"5 Knightsgate Avenue, Rush",,Dublin,325991.18,No,Yes,New Dwelling house /Apartment
6/1/2020,"50 CHORD ROAD, DROGHEDA, COUNTY LOUTH",,Louth,82000,No,No,Second-Hand Dwelling house /Apartment
6/1/2020,"53 GLEANN NA RI, DRUID VALLEY, CABINTEELY",Dublin 18,Dublin,390000,No,No,Second-Hand Dwelling house /Apartment
6/1/2020,"53 MOUNT PROSPECT DR, CLONTARF, DUBLIN 3",Dublin 3,Dublin,525000,No,No,Second-Hand Dwelling house /Apartment
6/1/2020,"6 Burgage Lane, Station Road, Lusk",,Dublin,295154.85,No,Yes,New Dwelling house /Apartment
6/1/2020,"7 BARRACK CLOSE, DUNDALK, LOUTH",,Louth,139000,No,No,Second-Hand Dwelling house /Apartment
6/1/2020,"7 BURTON HOUSE, MAYOR SQ, LOWER MAYOR ST DUBLIN 1",Dublin 1,Dublin,30000,Yes,No,Second-Hand Dwelling house /Apartment
6/1/2020,"72 KNOCKMAREE, ST LAURENCES RD, CHAPELIZOD DUBLIN 20",Dublin 20,Dublin,269000,No,No,Second-Hand Dwelling house /Apartment
6/1/2020,"76 RATHMORE TCE, RICHMOND HILL, CORK",,Cork,195000,No,No,Second-Hand Dwelling house /Apartment
6/1/2020,"8 BOYCETOWN COURT, KILCOCK, KILDARE",,Kildare,350000,No,No,Second-Hand Dwelling house /Apartment
6/1/2020,"85 An Fuaran, Oranmore",,Galway,334809.8,No,Yes,New Dwelling house /Apartment
6/1/2020,"88 Bishops Gate, Kilternan",Dublin 18,Dublin,519823,No,Yes,New Dwelling house /Apartment
6/1/2020,"APT 12, CRATLOE WOOD STUDENT VILLAGE, OLD CRATLOE ROAD",,Limerick,75000,No,No,Second-Hand Dwelling house /Apartment
6/1/2020,"APT 15, 55 MOUNTJOY SQ WEST, DUBLIN 1",Dublin 1,Dublin,179000,No,No,Second-Hand Dwelling house /Apartment
6/1/2020,"APT 37, RIVERWALK, MAIN ST",,Roscommon,45000,No,No,Second-Hand Dwelling house /Apartment
6/1/2020,"BALLYCANEW, GOREY, CO. WEXFORD",,Wexford,234000,No,No,Second-Hand Dwelling house /Apartment
6/1/2020,"BALLYHOTE, KILRANE, ROSSLARE HARBOUR",,Wexford,192000,No,No,Second-Hand Dwelling house /Apartment
6/1/2020,"BOOKEEN, KILNADEEMA, LOUGHREA",,Galway,40000,No,No,Second-Hand Dwelling house /Apartment
6/1/2020,"BRIDGE HOUSE, AUGHRIM, WICKLOW",,Wicklow,90000,No,No,Second-Hand Dwelling house /Apartment
6/1/2020,"CLOGHINCH, TEMPLEDERRY, NENAGH",,Tipperary,70000,Yes,No,Second-Hand Dwelling house /Apartment
6/1/2020,"CUAN KILDARRA, BANDON, CORK",,Cork,405000,No,No,Second-Hand Dwelling house /Apartment
6/1/2020,"INISHEER VIEW, LOUGH NORTH, DOOLIN",,Clare,240000,No,No,Second-Hand Dwelling house /Apartment
6/1/2020,"JUDEHOLME, 9 ST JOSEPHS PARK, THE LOUGH",,Cork,275000,No,No,Second-Hand Dwelling house /Apartment
6/1/2020,"KILMORE, LIMERICK, CLARE",,Clare,365000,No,No,Second-Hand Dwelling house /Apartment
6/1/2020,"LAKEVIEW, LATTINALBANY, CARRICKMACROSS",,Monaghan,92000,No,No,Second-Hand Dwelling house /Apartment
6/1/2020,"MAIN STREET, RATHWIRE, COUNTY WEATMEATH",,Westmeath,70000,No,No,Second-Hand Dwelling house /Apartment
6/1/2020,"MAIN ST, BALLINAGARE, CASTLEREA",,Roscommon,25000,No,No,Second-Hand Dwelling house /Apartment
6/1/2020,"NEWTOWN, KILCOCK, KILDARE",,Kildare,340000,No,No,Second-Hand Dwelling house /Apartment
6/1/2020,"SOOREENY CROSS, SIXMILEBRIDGE, CLARE",,Clare,240000,No,No,Second-Hand Dwelling house /Apartment
6/1/2020,"THE COTTAGES, KNOCKMORE, BALLINA",,Mayo,57000,No,No,Second-Hand Dwelling house /Apartment
6/1/2020,"THE MANOR, MANORFIELD, KINNEGAD",,Westmeath,210000,No,No,Second-Hand Dwelling house /Apartment
6/1/2020,"THE WILLOWS, BALLINTLEAVE, GLENBEIGH",,Kerry,310000,No,No,Second-Hand Dwelling house /Apartment
6/1/2020,"TIERACLEA, TARBERT, KERRY",,Kerry,80000,No,No,Second-Hand Dwelling house /Apartment
6/1/2020,"WHITE CASTLE, LEINSTER STREET, ATHY",,Kildare,435000,No,No,Second-Hand Dwelling house /Apartment
7/1/2020,"1 CLASHEEN LANE, ROSSCARBERY, CORK",,Cork,220000,No,No,Second-Hand Dwelling house /Apartment
7/1/2020,"1 GLENMAROON RD, PALMERSTOWN, DUBLIN 20",Dublin 20,Dublin,340000,No,No,Second-Hand Dwelling house /Apartment
7/1/2020,"1 INVER GEAL, CORTOBER, CARRICK ON SHANNON",,Roscommon,122500,No,No,Second-Hand Dwelling house /Apartment
7/1/2020,"1 Seagreen Park, Blacklion, Greystones",,Wicklow,541850.22,No,Yes,New Dwelling house /Apartment
7/1/2020,"1 ST HELENS DR, ST HELENS BAY, KILRANE",,Wexford,225000,No,No,Second-Hand Dwelling house /Apartment
7/1/2020,"1 STATION ROAD, TIMOLEAGUE, CO CORK",,Cork,90000,No,No,Second-Hand Dwelling house /Apartment
7/1/2020,"106 Knightswood, Matthews Lane, Drogheda",,Meath,252580,No,Yes,New Dwelling house /Apartment
7/1/2020,"11 LOUGH CONN TERRACE, BALLYFERMOT, DUBLIN 10",Dublin 10,Dublin,235000,No,No,Second-Hand Dwelling house /Apartment
7/1/2020,"112  DOOLARGY  AVE., MUIRHEVNA  MÓR, DUNDALK",,Louth,75000,No,No,Second-Hand Dwelling house /Apartment
7/1/2020,"12 STONECROFT SHANGANAGHK RD, KILLINEY, DUBLIN",,Dublin,399000,No,No,Second-Hand Dwelling house /Apartment
7/1/2020,"12 The Green, Ledwill Park, Kilcock",,Kildare,286343.61,No,Yes,New Dwelling house /Apartment
7/1/2020,"12A/13 UPPER DUBLIN HILL, BLACKPOOL, CO CORK",,Cork,232500,No,No,Second-Hand Dwelling house /Apartment
7/1/2020,"14 NORE TERRACE, MAUDLIN ST, KILKENNY",,Kilkenny,172000,No,No,Second-Hand Dwelling house /Apartment
7/1/2020,"155 SHANLISS RD, SANTRY, DUBLIN 9",Dublin 9,Dublin,362000,No,No,Second-Hand Dwelling house /Apartment
7/1/2020,"16 BEECHWOOD GROVE, LIFFORD, DONEGAL",,Donegal,99000,No,No,Second-Hand Dwelling house /Apartment
7/1/2020,"17 CAMDEN RD, CROSSHAVEN, CORK",,Cork,400000,No,No,Second-Hand Dwelling house /Apartment
7/1/2020,"17 GURTEEN VIEW, RATHMADDER, GURTEEN",,Sligo,49000,No,No,Second-Hand Dwelling house /Apartment
7/1/2020,"19 LOUGH GASH, NEWMARKET ON FERGUS, CLARE",,Clare,240000,No,No,Second-Hand Dwelling house /Apartment
7/1/2020,"1A APPIAN CLOSE, ARDKEEN VILLAGE, CO WATERFORD",,Waterford,257500,No,No,Second-Hand Dwelling house /Apartment
7/1/2020,"2 ASPEN PARK, KINSEALY, SWORDS",,Dublin,340000,No,No,Second-Hand Dwelling house /Apartment
7/1/2020,"2 STATION ROAD, TIMOLEAGUE, CO CORK",,Cork,90000,No,No,Second-Hand Dwelling house /Apartment
7/1/2020,"2 THE COMPASS, GERALDINE PLACE, KILKEE",,Clare,320000,No,No,Second-Hand Dwelling house /Apartment
7/1/2020,"20 lyreen close, mariavilla, maynooth",,Kildare,422907.49,No,Yes,New Dwelling house /Apartment
7/1/2020,"20 ORMOND CLOSE, SWORDS MANOR, SWORDS",,Dublin,350000,No,No,Second-Hand Dwelling house /Apartment
7/1/2020,"219 CHERRYWOOD PK, CLONDALKIN, DUBLIN 22",Dublin 22,Dublin,217500,No,No,Second-Hand Dwelling house /Apartment
7/1/2020,"22 Stewart Court, Ramelton",,Donegal,130000,No,Yes,New Dwelling house /Apartment
7/1/2020,"26 Hunters Hill, Gorey",,Wexford,215900,No,Yes,New Dwelling house /Apartment
7/1/2020,"29 BALBRIGGAN ST, SKERRIES, DUBLIN",,Dublin,457000,No,No,Second-Hand Dwelling house /Apartment
7/1/2020,"3 ABHANN OR, BANGOR ERRIS, MAYO",,Mayo,50100,Yes,No,Second-Hand Dwelling house /Apartment
7/1/2020,"3 CHURCH RD, KILTALE, DUNSANY",,Meath,275000,No,No,Second-Hand Dwelling house /Apartment
7/1/2020,"3 COTTAGE VIEW, ANNAGASSAN, DUNLEER",,Louth,185000,No,No,Second-Hand Dwelling house /Apartment
7/1/2020,"3 Dunville Lawn, Athlumney, Navan",,Meath,334802,No,Yes,New Dwelling house /Apartment
7/1/2020,"3 MOYVALE GREEN, THE SLIGO RD, BALLINA",,Mayo,130000,No,No,Second-Hand Dwelling house /Apartment
7/1/2020,"3 SANDYCOVE AVE EAST, DUN LAOGHAIRE, DUBLIN",,Dublin,1092000,No,No,Second-Hand Dwelling house /Apartment
7/1/2020,"3 SLADE CASTLE CLOSE, SAGGART, DUBLIN",Dublin 24,Dublin,201000,No,No,Second-Hand Dwelling house /Apartment
7/1/2020,"3 STATION ROAD, TIMOLEAGUE, CO CORK",,Cork,90000,No,No,Second-Hand Dwelling house /Apartment
7/1/2020,"3 THE SEXTANT, GRATTEN ST, KILKEE",,Clare,140000,No,No,Second-Hand Dwelling house /Apartment
7/1/2020,"32 MELVILLE HEIGHTS, BENNETTSBRIDGE RD, KILKENNY",,Kilkenny,215000,No,No,Second-Hand Dwelling house /Apartment
7/1/2020,"38 The Grove, St. Marnock's Bay, Station Road",,Dublin,396400,No,Yes,New Dwelling house /Apartment
7/1/2020,"4 BALLYMORRIS COURT, PORTARLINGTON, LAOIS",,Laois,225000,No,No,Second-Hand Dwelling house /Apartment
7/1/2020,"41 ROCKFIELD COURT, DUNDALK, LOUTH",,Louth,190000,No,No,Second-Hand Dwelling house /Apartment
7/1/2020,"42  BlossomHill, Broomfield Village, Midleton",,Cork,320450,No,Yes,New Dwelling house /Apartment
7/1/2020,"49 PEMBROKE COTTAGES, DONNYBROOK, DUBLIN 4",Dublin 4,Dublin,533000,No,No,Second-Hand Dwelling house /Apartment
7/1/2020,"5 ABBEYFIELD, MILLTOWN, DUBLIN 6",Dublin 6,Dublin,405000,No,No,Second-Hand Dwelling house /Apartment
7/1/2020,"5 DEENEYS FLATS, POUND STREET, RATHMULLAN",,Donegal,110000,No,No,Second-Hand Dwelling house /Apartment
7/1/2020,"5 Lakelands Place, Crawford Gate, Blackrock",,Cork,281938,No,Yes,New Dwelling house /Apartment
7/1/2020,"51 Cloghgarrett Abbey, Rathbride Road, Kildare",,Kildare,286299.55,No,Yes,New Dwelling house /Apartment
7/1/2020,"51 CRANMORE DR, SLIGO, SLIGO",,Sligo,71000,No,No,Second-Hand Dwelling house /Apartment
7/1/2020,"52 BURWOOD, BUNCRANA, DONEGAL",,Donegal,138000,No,No,Second-Hand Dwelling house /Apartment
7/1/2020,"6 DRUMBEAR WOOD, COOTEHILL RD, MONAGHAN",,Monaghan,213000,No,No,Second-Hand Dwelling house /Apartment
7/1/2020,"62 MILL GATE, MILLERSTOWN, KILCOCK",,Meath,292000,No,Yes,New Dwelling house /Apartment
7/1/2020,"7 CORRIB RD, TERENURE, DUBLIN 6W",,Dublin,482000,No,No,Second-Hand Dwelling house /Apartment
7/1/2020,"7 MAPLE DRIVE, DRUMGOLA WOOD, CAVAN",,Cavan,209000,No,No,Second-Hand Dwelling house /Apartment
7/1/2020,"7 THE SYCAMORES, RATHMULLAN, DONEGAL",,Donegal,168000,No,No,Second-Hand Dwelling house /Apartment
7/1/2020,"8 REILLYS AVE, DOLPHINS BARN, DUBLIN 8",Dublin 8,Dublin,140000,No,No,Second-Hand Dwelling house /Apartment
7/1/2020,"8 RIVERVIEW, TARMONBARRY, CO ROSCOMMON",,Roscommon,160000,No,No,Second-Hand Dwelling house /Apartment
7/1/2020,"80A, THE CURRAGH, CASTLEBAR",,Mayo,70000,No,No,Second-Hand Dwelling house /Apartment
7/1/2020,"81 HANDEL HOUSE, LORETO ABBEY, RATHFARNHAM DUBLIN 14",Dublin 14,Dublin,330000,No,No,Second-Hand Dwelling house /Apartment
7/1/2020,"82 Carton Wood, Maynooth",,Kildare,379955.95,No,Yes,New Dwelling house /Apartment
7/1/2020,"9 BELLEVUE HEIGHTS, NEW ROSS, WEXFORD",,Wexford,166000,No,No,Second-Hand Dwelling house /Apartment
7/1/2020,"9 Radharc Na Tra, Ballyness, Falcarragh",,Donegal,130000,No,Yes,New Dwelling house /Apartment
7/1/2020,"9 SLANLISS, COLLINS AVE, DUNMORE RD",,Waterford,255000,No,No,Second-Hand Dwelling house /Apartment
7/1/2020,"93 PRIORSGATE, TALLAGHT, DUBLIN 24",,Dublin,146000,No,No,Second-Hand Dwelling house /Apartment
7/1/2020,"98 Cluain Bui, Quinagh",,Carlow,182379,No,Yes,New Dwelling house /Apartment
7/1/2020,"APARTMENT B, 80 THE CURRAGH, CASTLEBAR",,Mayo,30000,No,No,Second-Hand Dwelling house /Apartment
7/1/2020,"APT. 3 BLOCK 3, VALENTIA HARBOUR APARTMENTS, THE WATERMARQUE CAHERCIVEEN",,Kerry,45000,No,No,Second-Hand Dwelling house /Apartment
7/1/2020,"Ballinarrry, Carrickmacross",,Monaghan,155000,No,Yes,New Dwelling house /Apartment
7/1/2020,"Ballygalogue Road, Listowel",,Kerry,173546.26,Yes,Yes,New Dwelling house /Apartment
7/1/2020,"Ballygalogue Road, Listowel",,Kerry,173546.26,Yes,Yes,New Dwelling house /Apartment
7/1/2020,"BARRAGHMORE, DRUMLISH, CO LONGFORD",,Longford,30000,No,No,Second-Hand Dwelling house /Apartment
7/1/2020,"CARRIGCLEENA MORE, BWEENG, MALLOW",,Cork,160000,No,No,Second-Hand Dwelling house /Apartment
7/1/2020,"CASTLE HOUSE, THE DEMENSE, MONKSTOWN",,Cork,850000,No,No,Second-Hand Dwelling house /Apartment
7/1/2020,"CLONROSS, NAVAN RD, BLANCHARDSTOWN DUBLIN 15",Dublin 15,Dublin,1350000,No,No,Second-Hand Dwelling house /Apartment
7/1/2020,"COIS ABHAINN, BALLYTOOHEY, TERMONBARRY",,Roscommon,250000,No,No,Second-Hand Dwelling house /Apartment
7/1/2020,"CORNELSCOURT, NEWBRIDGE, KILDARE",,Kildare,305000,No,No,Second-Hand Dwelling house /Apartment
7/1/2020,"DROUMAGOWLANE, ADRIGOLE, BEARA",,Cork,125000,No,No,Second-Hand Dwelling house /Apartment
7/1/2020,"GREEN HILL, BENGOUR WEST, NEWCESTOWN",,Cork,220000,No,No,Second-Hand Dwelling house /Apartment
7/1/2020,"HILLCREST, WESTGATE, BIRR",,Offaly,130000,Yes,No,Second-Hand Dwelling house /Apartment
7/1/2020,"KILFEA, ISLANDDEADY, CASTLEBAR",,Mayo,140000,Yes,No,Second-Hand Dwelling house /Apartment
7/1/2020,"KNOCKNAGREANA, OLD PALLAS, COUNTY LIMERICK",,Limerick,20000,Yes,No,Second-Hand Dwelling house /Apartment
7/1/2020,"LACK, MILLTOWN, TUAM",,Galway,290000,No,No,Second-Hand Dwelling house /Apartment
7/1/2020,"LOUGHANURE COMMONS, CLANE, KILDARE",,Kildare,365000,No,No,Second-Hand Dwelling house /Apartment
7/1/2020,"MINEHILL, DROMAGH, MALLOW",,Cork,155000,No,No,Second-Hand Dwelling house /Apartment
7/1/2020,"MULLAUN, MANORHAMILTON, COUNTY LEITRIM",,Leitrim,56000,No,No,Second-Hand Dwelling house /Apartment
7/1/2020,"SAINT MARY OF THE SERVANTS, BLAKESTOWN, DUBLIN 15",,Dublin,167500,No,No,Second-Hand Dwelling house /Apartment
7/1/2020,"SOCKEY HALL, CRECORA, LIMERICK",,Limerick,239000,No,No,Second-Hand Dwelling house /Apartment
7/1/2020,"SOLAS, NEWTOWN, BROADWAY",,Wexford,215000,No,No,Second-Hand Dwelling house /Apartment
7/1/2020,"THE OLD MILL, AUGHACASLA SOUTH, CASTLEGREGORY",,Kerry,125000,No,No,Second-Hand Dwelling house /Apartment
7/1/2020,"TOUNTINNA, BALLINA, KILLALOE PO",,Tipperary,230000,No,No,Second-Hand Dwelling house /Apartment
7/1/2020,"WARRENSTOWN, DRUMREE, CO.MEATH",,Meath,416000,No,No,Second-Hand Dwelling house /Apartment
8/1/2020,"1 CLOONSLANOR, STROKESTOWN, COUNTY ROSCOMMON",,Roscommon,50000,No,No,Second-Hand Dwelling house /Apartment
8/1/2020,"1 COIS GLAISE, LIOS NA RI, SMITHS ROAD",,Cork,220000,No,No,Second-Hand Dwelling house /Apartment
8/1/2020,"1 GREENVILLE RD, STRADBROOK, BLACKROCK",,Dublin,500000,No,No,Second-Hand Dwelling house /Apartment
8/1/2020,"1 KILMALOGUE DOWNS, TULLAMORE RD, PORTARLINGTON",,Offaly,171000,No,No,Second-Hand Dwelling house /Apartment
8/1/2020,"11 OLDE MILL STONE, KILLALA ROAD, BALLINA",,Mayo,150000,No,No,Second-Hand Dwelling house /Apartment
8/1/2020,"111 THE GRANGE, RAHEEN, LIMERICK",,Limerick,260000,No,No,Second-Hand Dwelling house /Apartment
8/1/2020,"12 MOREEN LAWNS, SANDYFORD, DUBLIN 16",Dublin 16,Dublin,376000,No,No,Second-Hand Dwelling house /Apartment
8/1/2020,"12A The Willows, Janeville, Carrigaline",,Cork,321585.9,No,Yes,New Dwelling house /Apartment
8/1/2020,"131 FINGLAS PARK, FINGLAS EAST, DUBLIN 11",Dublin 11,Dublin,350000,No,No,Second-Hand Dwelling house /Apartment
8/1/2020,"14 GARRAN CHLUAIN NA HEASCRACH, LEAMHCAN, DUBLIN",Dublin 15,Dublin,316000,No,No,Second-Hand Dwelling house /Apartment
8/1/2020,"14 WESTBOURNE DR, CLONDALKIN, DUBLIN 22",Dublin 22,Dublin,245000,No,No,Second-Hand Dwelling house /Apartment
8/1/2020,"144 CORBAWN WOOD, SHANKILL, DUBLIN",Dublin 18,Dublin,532000,No,No,Second-Hand Dwelling house /Apartment
8/1/2020,"16 COSMONA, LOUGHREA, GALWAY",,Galway,42500,Yes,No,Second-Hand Dwelling house /Apartment
8/1/2020,"17 BELLAMONT VIEW, COOTEHILL, CAVAN",,Cavan,225000,No,No,Second-Hand Dwelling house /Apartment
8/1/2020,"19 DOMVILLE GROVE, KILLINEY HILL RD, KILLINEY",,Dublin,410000,No,No,Second-Hand Dwelling house /Apartment
8/1/2020,"2 FATHER GRIFFIN AVE, GALWAY, GALWAY",,Galway,237500,No,No,Second-Hand Dwelling house /Apartment
8/1/2020,"2 FATHER GRIFFIN AVE, GALWAY, GALWAY",,Galway,237500,No,No,Second-Hand Dwelling house /Apartment
8/1/2020,"2 SPRANGERS YARD, TEMPLE BAR, DUBLIN 2",Dublin 2,Dublin,320000,No,No,Second-Hand Dwelling house /Apartment
8/1/2020,"2 WILLIAMSTOWN GLEN, WILLIAMSTOWN RD, WATERFORD",,Waterford,212000,No,No,Second-Hand Dwelling house /Apartment
8/1/2020,"20 Meadowbank Lane, Millers Glen, Swords",,Dublin,360000,No,Yes,New Dwelling house /Apartment
8/1/2020,"21 DELGANY PARK, DELGANY, CO WICKLOW",,Wicklow,331000,No,No,Second-Hand Dwelling house /Apartment
8/1/2020,"215 Kylemore, Schoolhouse Road, Castletroy",,Limerick,289867.85,No,Yes,New Dwelling house /Apartment
8/1/2020,"216 THE GRANGE, RAHEEN, LIMERICK",,Limerick,290749,No,Yes,New Dwelling house /Apartment
8/1/2020,"22 Doire Fea, Kilrainey, Moycullen",,Galway,257268,No,Yes,New Dwelling house /Apartment
8/1/2020,"23 CAHERANNE VILLAGE, BALLYVELLY, TRALEE",,Kerry,190000,No,No,Second-Hand Dwelling house /Apartment
8/1/2020,"23 CASTLEKNOCK CRESCENT, CASTLEKNOCK, DUBLIN 15",Dublin 15,Dublin,375000,No,No,Second-Hand Dwelling house /Apartment
8/1/2020,"24 FRIARS GREEN, TULLOW RD, CARLOW",,Carlow,180000,Yes,No,Second-Hand Dwelling house /Apartment
8/1/2020,"24 TRINITY PLAZA, TARA ST, DUBLIN 2",Dublin 2,Dublin,320000,No,No,Second-Hand Dwelling house /Apartment
8/1/2020,"26 Bollarney Woods, Bollarney North, Wicklow",,Wicklow,194422,Yes,Yes,New Dwelling house /Apartment
8/1/2020,"26 DODDERBROOK PARK, DODDERBROOK, OLDCOURT ROAD",Dublin 24,Dublin,460000,No,No,Second-Hand Dwelling house /Apartment
8/1/2020,"26 MAYFIELD, KELLS RD, KILKENNY",,Kilkenny,318000,No,No,Second-Hand Dwelling house /Apartment
8/1/2020,"27 Bollarney Woods, Bollarney North, Wicklow",,Wicklow,194422,Yes,Yes,New Dwelling house /Apartment
8/1/2020,"27 WAINSFORT AVE, TERENURE, DUBLIN 6W",,Dublin,510000,No,No,Second-Hand Dwelling house /Apartment
8/1/2020,"28 Bollarney Woods, Bollarney North, Wicklow",,Wicklow,194422,Yes,Yes,New Dwelling house /Apartment
8/1/2020,"28 CARRIG COURT, RATHNEW, CO WICKLOW",,Wicklow,237500,No,No,Second-Hand Dwelling house /Apartment
8/1/2020,"28 DALY TEC, RATHDOWNEY, LAOIS",,Laois,100000,No,No,Second-Hand Dwelling house /Apartment
8/1/2020,"3 QUAY SIDE, MCSWEENEY QUAY, BANDON",,Cork,117000,No,No,Second-Hand Dwelling house /Apartment
8/1/2020,"3 Seagreen Gate, Chapel Road, Blacklion",,Wicklow,387665,No,Yes,New Dwelling house /Apartment
8/1/2020,"3 THE OLD FOUNDARY, CHURCH LANE, BALLINROBE",,Mayo,65000,No,No,Second-Hand Dwelling house /Apartment
8/1/2020,"31 MAELDUIN, DUNSHAUGHLIN, MEATH",,Meath,293000,No,No,Second-Hand Dwelling house /Apartment
8/1/2020,"31 ROS ALAINN, GURTEENROE, MACROOM",,Cork,205000,No,No,Second-Hand Dwelling house /Apartment
8/1/2020,"31 THE GREEN  MEADOWVALE, ARKLOW, WICKLOW",,Wicklow,165000,Yes,No,Second-Hand Dwelling house /Apartment
8/1/2020,"31 The Willows, Allenwood",,Kildare,273127.76,No,Yes,New Dwelling house /Apartment
8/1/2020,"33 KILLARNEY ROAD, CASTLEISLAND, CO. KERRY",,Kerry,135000,No,No,Second-Hand Dwelling house /Apartment
8/1/2020,"33 WATERFRONT APARTMENTS, LYNCHES QUAY, COBH",,Cork,125000,No,No,Second-Hand Dwelling house /Apartment
8/1/2020,"34 The Crescent, St Marnock's Bay, Portmarnock",,Dublin,440528.8,No,Yes,New Dwelling house /Apartment
8/1/2020,"35 The Grove, St. Marnocks Bay, Station Road",,Dublin,308370,No,Yes,New Dwelling house /Apartment
8/1/2020,"37 QUIGNALECKA, SLIGO RD, BALLINA",,Mayo,170000,No,No,Second-Hand Dwelling house /Apartment
8/1/2020,"41 FOXROCK MANOR, FOXROCK, DUBLIN",Dublin 18,Dublin,950000,No,No,Second-Hand Dwelling house /Apartment
8/1/2020,"41 OXMANTOWN RD, DUBLIN 7, DUBLIN",Dublin 7,Dublin,335000,No,No,Second-Hand Dwelling house /Apartment
8/1/2020,"44 ARAVON COURT, BRAY, WICKLOW",,Wicklow,311250,No,No,Second-Hand Dwelling house /Apartment
8/1/2020,"440 GALTYMORE RD, DRIMNAGH, DUBLIN 12",Dublin 12,Dublin,253000,No,No,Second-Hand Dwelling house /Apartment
8/1/2020,"46 DAKOTA COURT, ROYAL CANAL BANK, PHIBSBOROUGH DUBLIN 7",Dublin 7,Dublin,345000,No,No,Second-Hand Dwelling house /Apartment
8/1/2020,"46 Innisfallen, Rockery Road, Killarney",,Kerry,228193,No,Yes,New Dwelling house /Apartment
8/1/2020,"5 FOXBOROUGH, CASTLEBRIDGE, CO WEXFORD",,Wexford,320000,No,No,Second-Hand Dwelling house /Apartment
8/1/2020,"5 MARY ST, MULLINGAR, WESTMEATH",,Westmeath,240000,No,No,Second-Hand Dwelling house /Apartment
8/1/2020,"51 THE HEIGHTS, MELROSE PARK, KINSEALY",,Dublin,380000,No,No,Second-Hand Dwelling house /Apartment
8/1/2020,"52 OLCOVAR, DUBLIN RD, SHANKILL",Dublin 18,Dublin,325000,No,No,Second-Hand Dwelling house /Apartment
8/1/2020,"53 PARKLANDS, TUBBERCURRY, SLIGO",,Sligo,26916.49,Yes,No,Second-Hand Dwelling house /Apartment
8/1/2020,"59 PARK ST, DUNDALK, LOUTH",,Louth,110000,No,No,Second-Hand Dwelling house /Apartment
8/1/2020,"6 AN GLASAN, GREENVILLE, ENNISCORTHY",,Wexford,183000,No,No,Second-Hand Dwelling house /Apartment
8/1/2020,"6 CLUAIN AOIBHINN, MAYNOOTH, KILDARE",,Kildare,335000,No,No,Second-Hand Dwelling house /Apartment
8/1/2020,"6 CUL NA GREINE, KILRANE, ROSSLARE HARBOUR",,Wexford,158000,No,No,Second-Hand Dwelling house /Apartment
8/1/2020,"6 RUSSELL AVE, DRUMCONDRA, DUBLIN 3",Dublin 3,Dublin,270000,No,No,Second-Hand Dwelling house /Apartment
8/1/2020,"6 SWEETMOUNT AVENUE, DUNDRUM, DUBLIN 14",Dublin 14,Dublin,590000,No,No,Second-Hand Dwelling house /Apartment
8/1/2020,"64 BERESFORD HOUSE, CUSTOM HOUSE SQ, IFSC DUBLIN 1",Dublin 1,Dublin,420000,No,No,Second-Hand Dwelling house /Apartment
8/1/2020,"65 THE GROVE, INSE BAY, LAYTOWN",,Meath,290000,No,No,Second-Hand Dwelling house /Apartment
8/1/2020,"69 OAK RISE, GREENPARK, CLONDALKIN DUBLIN 22",Dublin 22,Dublin,262000,No,No,Second-Hand Dwelling house /Apartment
8/1/2020,"7 KILLININNY COURT, FIRHOUSE, DUBLIN 24",Dublin 24,Dublin,185000,No,No,Second-Hand Dwelling house /Apartment
8/1/2020,"78 CHANCERY STREET, DUBLIN 7",,Dublin,186666,No,No,Second-Hand Dwelling house /Apartment
8/1/2020,"8 CULGABHAN, BANAGHER, COUNTY OFFALY",,Offaly,120000,No,No,Second-Hand Dwelling house /Apartment
8/1/2020,"9 KNIGHTS COURT, OLD YOUGHAL ROAD, MAYFIELD",,Cork,112800,Yes,No,Second-Hand Dwelling house /Apartment
8/1/2020,"90 GLASSON, BALLYBAWE RD, GALWAY",,Galway,154000,No,No,Second-Hand Dwelling house /Apartment
8/1/2020,"92 WESTCOURT HGTS, BALLINCOLLIG, CORK",,Cork,300000,No,No,Second-Hand Dwelling house /Apartment
8/1/2020,"AMBERLEY, SPOLLANSTOWN, TULLAMORE",,Offaly,270000,No,No,Second-Hand Dwelling house /Apartment
8/1/2020,"Apartment 37, Meadow Court  Elm Park, Knock Road",,Mayo,75425,No,Yes,New Dwelling house /Apartment
8/1/2020,"APARTMENT 9, ORIEL HOUSE, DUBLIN ROAD",,Louth,35000,No,No,Second-Hand Dwelling house /Apartment
8/1/2020,"APT 10 ALDBOROUGH COURT, PORTLAND ROW, NORTH STRAND",Dublin 1,Dublin,220000,No,No,Second-Hand Dwelling house /Apartment
8/1/2020,"APT 11A, BLOOMFIELD PARK, DONNYBROOK",,Dublin,580000,No,No,Second-Hand Dwelling house /Apartment
8/1/2020,"APT 2, 37 LEINSTER SQ, RATHMINES DUBLIN 6",Dublin 6,Dublin,410000,No,No,Second-Hand Dwelling house /Apartment
8/1/2020,"APT 46, RONERAGH, FAHAN",,Donegal,137000,No,No,Second-Hand Dwelling house /Apartment
8/1/2020,"APT 6  3 DERMOT STREET, BEAUPARK ROAD, CLONGRIFFIN",Dublin 13,Dublin,200000,No,No,Second-Hand Dwelling house /Apartment
8/1/2020,"APT 74 PARCHMENT SQ, MODEL FARM RD, CORK",,Cork,156000,No,No,Second-Hand Dwelling house /Apartment
8/1/2020,"BALLAGH, BUSHYPARK, GALWAY",,Galway,615000,No,No,Second-Hand Dwelling house /Apartment
8/1/2020,"BALLINESKER LAWN, BALLINESKER, CURRACLOE",,Wexford,365000,No,No,Second-Hand Dwelling house /Apartment
8/1/2020,"BARACK STREET, MAIN STREET, KINLOUGH",,Leitrim,50000,No,No,Second-Hand Dwelling house /Apartment
8/1/2020,"BERKLEY, NEW ROSS, COUNTY WEXFORD",,Wexford,50000,No,No,Second-Hand Dwelling house /Apartment
8/1/2020,"BLOCK 6 APT 5 RIVERWALK, INNER RING RD, WATERFORD",,Waterford,90000,No,No,Second-Hand Dwelling house /Apartment
8/1/2020,"BRIDGETOWN, DAVIDSTOWN, ENNISCORTHY",,Wexford,210000,No,No,Second-Hand Dwelling house /Apartment
8/1/2020,"CREEK COTTAGE, STRAND ROAD, MONKSTOWN",,Cork,800000,No,No,Second-Hand Dwelling house /Apartment
8/1/2020,"DERRYNACREEVE, BALLYCONNELL, CO CAVAN",,Cavan,73000,No,No,Second-Hand Dwelling house /Apartment
8/1/2020,"DOONANE, CRETTYARD, CARLOW",,Carlow,95000,No,No,Second-Hand Dwelling house /Apartment
8/1/2020,"FEIGHS, MIDDLE ROAD, BANAGHER",,Offaly,63000,No,No,Second-Hand Dwelling house /Apartment
8/1/2020,"FEOHANAGH, LIMERICK",,Limerick,200000,No,No,Second-Hand Dwelling house /Apartment
8/1/2020,"GLASSVALLEY, OWER, HEADFORD",,Galway,446600,No,No,Second-Hand Dwelling house /Apartment
8/1/2020,"GLEN UPPER, KILSHEELAN, CLONMEL",,Waterford,91500,No,No,Second-Hand Dwelling house /Apartment
8/1/2020,"GURRANE, BALLYHEA, CHARLEVILLE",,Cork,315000,No,No,Second-Hand Dwelling house /Apartment
8/1/2020,"KILLAVALLY EAST, WESTPORT, CO MAYO",,Mayo,50000,No,No,Second-Hand Dwelling house /Apartment
8/1/2020,"KINGSBURY, DOUGLAS EAST, CORK",,Cork,450000,No,No,Second-Hand Dwelling house /Apartment
8/1/2020,"KNOCKROE, ATTYMON, ATHENRY",,Galway,150000,No,No,Second-Hand Dwelling house /Apartment
8/1/2020,"LANTERN COTTAGE, MILL RD, KILMORE QUAY",,Wexford,135000,No,No,Second-Hand Dwelling house /Apartment
8/1/2020,"LAVENDER HOUSE, HILLSBORO, MODEL FARM ROAD",,Cork,755000,No,No,Second-Hand Dwelling house /Apartment
8/1/2020,"MENLO, CO GALWAY",,Galway,205000,No,No,Second-Hand Dwelling house /Apartment
8/1/2020,"No. 41 Viewmount, Greenane Road, Rathdrum",,Wicklow,227312.77,No,Yes,New Dwelling house /Apartment
8/1/2020,"THE CROSS ROADS, AUGHNISH ISLAND, NEW QUAY",,Clare,300000,No,No,Second-Hand Dwelling house /Apartment
8/1/2020,"THE MILL, SCHOOL LANE, COLLON",,Louth,379000,No,No,Second-Hand Dwelling house /Apartment
8/1/2020,"THE SQUARE, BLACKROCK, LOUTH",,Louth,225000,No,No,Second-Hand Dwelling house /Apartment
8/1/2020,"TOBINSTOWN SCHOOLHOUSE, TOBINSTOWN, TULLOW",,Carlow,120000,Yes,No,Second-Hand Dwelling house /Apartment
8/1/2020,"VEGA, 1 MOUNT ALTO, ASHFORD",,Wicklow,571000,No,No,Second-Hand Dwelling house /Apartment
8/1/2020,"WEST LONAN, BALLINKNOCKANE, CAMP",,Kerry,220000,No,No,Second-Hand Dwelling house /Apartment
9/1/2020,"1 BELVEDERE, RATHMULLEN RD, DROGHEDA",,Louth,232000,No,No,Second-Hand Dwelling house /Apartment
9/1/2020,"1 CRUCKNAGEERAGH, DUNGLOE, DONEGAL",,Donegal,157000,No,No,Second-Hand Dwelling house /Apartment
9/1/2020,"1 DUN SAILE, MAREE, ORANMORE",,Galway,539500,No,No,Second-Hand Dwelling house /Apartment
9/1/2020,"1 FARBILL APTS, ATHLONE RD, WESTMEATH",,Westmeath,110000,Yes,No,Second-Hand Dwelling house /Apartment
9/1/2020,"1 NEW COTTAGE, BACK LANE, BALDOYLE",,Dublin,352500,No,No,Second-Hand Dwelling house /Apartment
9/1/2020,"1 THE MALTHOUSE, MARY ST, WATERFORD",,Waterford,80000,No,No,Second-Hand Dwelling house /Apartment
9/1/2020,"1 WAINSFORT GARDENS, TEMPLEOGUE, DUBLIN 6W",,Dublin,488000,No,No,Second-Hand Dwelling house /Apartment
9/1/2020,"106 OLCOVAR, SHANKILL, DUBLIN",Dublin 18,Dublin,230000,No,No,Second-Hand Dwelling house /Apartment
9/1/2020,"11 FORTFIELD PARK, TERENURE, DUBLIN 6W",,Dublin,917000,No,No,Second-Hand Dwelling house /Apartment
9/1/2020,"11 TOWNPARKS, SKERRIES, DUBLIN",,Dublin,560000,No,No,Second-Hand Dwelling house /Apartment
9/1/2020,"111 COOLEY RD, DRIMNAGH, DUBLIN 12",Dublin 12,Dublin,287000,No,No,Second-Hand Dwelling house /Apartment
9/1/2020,"118 STAPOLIN LAWNS, BALDOYLE, DUBLIN 13",Dublin 13,Dublin,453500,No,No,Second-Hand Dwelling house /Apartment
9/1/2020,"12 GLEANN CRYLE, KILLARNEY RD, ABBEYFEALE",,Limerick,135000,No,No,Second-Hand Dwelling house /Apartment
9/1/2020,"12 The Crescent, St. Marnock's Bay, Portmarnock",,Dublin,594713,No,Yes,New Dwelling house /Apartment
9/1/2020,"121 Longstone, Blessington Road, Craddockstown",,Kildare,348017,No,Yes,New Dwelling house /Apartment
9/1/2020,"128 NEW SESKIN COURT, WHITESTOWN WAY, TALLAGHT DUBLIN 24",Dublin 24,Dublin,237000,No,No,Second-Hand Dwelling house /Apartment
9/1/2020,"13 BROOKFIELD RD, KILMAINHAM, DUBLIN 8",Dublin 8,Dublin,470000,No,No,Second-Hand Dwelling house /Apartment
9/1/2020,"13 CASTLEWOOD LITTLE, LITTLE ISLAND, CORK",,Cork,235000,No,No,Second-Hand Dwelling house /Apartment
9/1/2020,"13 GRANGE PARK, DOUGLAS, CORK",,Cork,220000,No,No,Second-Hand Dwelling house /Apartment
9/1/2020,"133 ARDILAUN GREEN, MULLINGAR, WESTMEATH",,Westmeath,10062.35,No,No,Second-Hand Dwelling house /Apartment
9/1/2020,"139 ELTON COURT, LEIXLIP, KILDARE",,Kildare,320000,No,No,Second-Hand Dwelling house /Apartment
9/1/2020,"15 Cois Glaisin Green, Johnstown, Navan",,Meath,251101.32,No,Yes,New Dwelling house /Apartment
9/1/2020,"15 CREGAUN, ENNIS, CLARE",,Clare,270000,No,No,Second-Hand Dwelling house /Apartment
9/1/2020,"16 PALMYRA PARK, GALWAY, GALWAY",,Galway,347000,No,No,Second-Hand Dwelling house /Apartment
9/1/2020,"16 Riverwood Square, Castleknock, Dublin 15",Dublin 15,Dublin,374449.34,No,Yes,New Dwelling house /Apartment
9/1/2020,"160 GLEBEMOUNT, WICKLOW, WICKLOW",,Wicklow,250000,No,No,Second-Hand Dwelling house /Apartment
9/1/2020,"17 Bishops Gate, Enniskerry Road, Kilternan",Dublin 18,Dublin,471366,No,Yes,New Dwelling house /Apartment
9/1/2020,"19 BELARMINE COURT, STEPASIDE, DUBLIN 18",Dublin 18,Dublin,380000,No,No,Second-Hand Dwelling house /Apartment
9/1/2020,"2 HILLSBOROUGH APTS, LARAGHCON, LUCAN",,Dublin,250000,No,No,New Dwelling house /Apartment
9/1/2020,"2 MAIN STREET, HOLLYMOUNT, MAYO",,Mayo,45000,No,No,Second-Hand Dwelling house /Apartment
9/1/2020,"2 SILVERBROOK CRESCENT, SILVERBROOK, TULLAMORE",,Offaly,249000,No,Yes,New Dwelling house /Apartment
9/1/2020,"2 UPPER CLEVEDON GARDENS, KILMONEY, CARRIGALINE",,Cork,242000,No,No,Second-Hand Dwelling house /Apartment
9/1/2020,"20 PALMERSTON GARDENS, RATHMINES, DUBLIN 6",Dublin 6,Dublin,1465000,No,No,Second-Hand Dwelling house /Apartment
9/1/2020,"207 BALLSGROVE, DROGHEDA, LOUTH",,Louth,180000,No,No,Second-Hand Dwelling house /Apartment
9/1/2020,"207 THE GROVE, CELBRIDGE, KILDARE",,Kildare,350000,No,No,Second-Hand Dwelling house /Apartment
9/1/2020,"21 Halwell Drive, Halwell, Lucan",,Dublin,335000,No,Yes,New Dwelling house /Apartment
9/1/2020,"22 LOWER CLANBRASSIL ST, DUBLIN 8",Dublin 8,Dublin,800000,No,No,Second-Hand Dwelling house /Apartment
9/1/2020,"22 WILLOWBROOK PARK, CELBRIDGE, CO. KILDARE",,Kildare,276000,No,No,Second-Hand Dwelling house /Apartment
9/1/2020,"23 SYCAMORE RD, FINGLAS EAST, DUBLIN 11",Dublin 11,Dublin,395000,No,No,Second-Hand Dwelling house /Apartment
9/1/2020,"24 Riverwood Dene, Castleknock",Dublin 15,Dublin,466961.65,No,Yes,New Dwelling house /Apartment
9/1/2020,"26 COSBY AVE, FAIRGREEN VILLAGE, PORTLAOISE",,Laois,185000,No,No,Second-Hand Dwelling house /Apartment
9/1/2020,"26 FOREST PARK, COURTOWN HARBOUR, WEXFORD",,Wexford,175000,No,No,Second-Hand Dwelling house /Apartment
9/1/2020,"28  The Ferns, Classes Lake, Ovens",,Cork,255506.61,No,Yes,New Dwelling house /Apartment
9/1/2020,"29 FORGEHILL CRESCENT, STAMULLEN, MEATH",,Meath,258000,No,No,Second-Hand Dwelling house /Apartment
9/1/2020,"29 TRINITY PLAZA, TARA ST, DUBLIN 2",Dublin 2,Dublin,415000,No,No,Second-Hand Dwelling house /Apartment
9/1/2020,"29, RUTLAND AVENUE, CRUMLIN DUBLIN 12",Dublin 12,Dublin,100000,Yes,No,Second-Hand Dwelling house /Apartment
9/1/2020,"3 Burgage Lane, Station Road, Lusk",,Dublin,317180.61,No,Yes,New Dwelling house /Apartment
9/1/2020,"3 DUNMORE LAWN, BALLYMOUNT, DUBLIN 24",,Dublin,167500,No,No,Second-Hand Dwelling house /Apartment
9/1/2020,"3 Kenure Gate, Rush, County Dublin",,Dublin,301762.11,No,Yes,New Dwelling house /Apartment
9/1/2020,"3 KNIGHTSWOOD, BALROTHERY, BALBRIGGAN",,Dublin,525000,No,No,Second-Hand Dwelling house /Apartment
9/1/2020,"30 DONSCOURT, BISHOPSTOWN, CORK CITY",,Cork,237000,No,No,Second-Hand Dwelling house /Apartment
9/1/2020,"30 DUN EMER AVENUE, LUSK, CO DUBLIN",,Dublin,297500,No,No,Second-Hand Dwelling house /Apartment
9/1/2020,"31 ELDERWOOD, CASTLEBRIDGE, CO WEXFORD",,Wexford,210000,No,No,Second-Hand Dwelling house /Apartment
9/1/2020,"34 CRANMORE DRIVE, SLIGO, CO SLIGO",,Sligo,82500,No,No,Second-Hand Dwelling house /Apartment
9/1/2020,"35 NEWCASTLE UPPER, GALWAY",,Galway,310000,Yes,No,Second-Hand Dwelling house /Apartment
9/1/2020,"37 GOATSTOWN RD, GOATSTOWN, DUBLIN 14",Dublin 14,Dublin,751260,No,No,Second-Hand Dwelling house /Apartment
9/1/2020,"37 LAKESIDE, MOUNTSHANNON, CO CLARE",,Clare,123000,No,No,Second-Hand Dwelling house /Apartment
9/1/2020,"39 GRANGE ABBEY RD, DONAGHMEDE, DUBLIN 13",Dublin 13,Dublin,335000,No,No,Second-Hand Dwelling house /Apartment
9/1/2020,"39 LLEWELLYN GROVE, RATHFARNHAM, DUBLIN 16",Dublin 16,Dublin,425000,No,No,Second-Hand Dwelling house /Apartment
9/1/2020,"3, SAINT ANTHONYS PARK, RIALTO DUBLIN 8",Dublin 8,Dublin,129000,Yes,No,Second-Hand Dwelling house /Apartment
9/1/2020,"4 AIRPORT RD, KILKELLY, MAYO",,Mayo,112500,No,No,Second-Hand Dwelling house /Apartment
9/1/2020,"4 KILKIERAN COURT, CABRA, DUBLIN",Dublin 7,Dublin,330000,No,No,Second-Hand Dwelling house /Apartment
9/1/2020,"4 MONASTERY RD, CLONDALKIN, DUBLIN 22",Dublin 22,Dublin,40000,Yes,No,Second-Hand Dwelling house /Apartment
9/1/2020,"4 RED ARCHES CLOSE, THE COAST, BALDOYLE",Dublin 13,Dublin,190000,No,No,Second-Hand Dwelling house /Apartment
9/1/2020,"40 CATHEDRAL HILL, RAPHOE, DONEGAL",,Donegal,87000,No,No,Second-Hand Dwelling house /Apartment
9/1/2020,"40 COLLINS AVE, DUBLIN 9, DUBLIN",Dublin 9,Dublin,340000,No,No,Second-Hand Dwelling house /Apartment
9/1/2020,"42 BINN BHAN, CAPPAGH RD, GALWAY",,Galway,282500,No,No,Second-Hand Dwelling house /Apartment
9/1/2020,"46 BELGROVE PARK, CLONTARF, DUBLIN 3",Dublin 3,Dublin,363500,No,No,Second-Hand Dwelling house /Apartment
9/1/2020,"48 CHURCHFIELDS, LOWER SALTHILL, GALWAY",,Galway,325000,No,No,Second-Hand Dwelling house /Apartment
9/1/2020,"48 Foxhollow, Golf Links Road, Limerick",,Limerick,581497.8,No,Yes,New Dwelling house /Apartment
9/1/2020,"5 BOWEFIELD, GRACEDIEU, WATERFORD",,Waterford,279000,No,No,Second-Hand Dwelling house /Apartment
9/1/2020,"5 BRAMBLE WOOD, CONEY HALL RD, MORNINGTON",,Meath,530000,No,No,Second-Hand Dwelling house /Apartment
9/1/2020,"5 CHURCH RD, DALKEY, DUBLIN",,Dublin,570000,No,No,Second-Hand Dwelling house /Apartment
9/1/2020,"5 COIS ABHAINN, JERVIS STREET, ARDEE",,Louth,235000,No,No,Second-Hand Dwelling house /Apartment
9/1/2020,"5 LARKHILL COURT, LARKHILL RD, SLIGO",,Sligo,167000,No,No,Second-Hand Dwelling house /Apartment
9/1/2020,"5 SHADY GROVE, WHEATON HALL, DUBLIN RD",,Louth,300000,No,No,Second-Hand Dwelling house /Apartment
9/1/2020,"54 RIVERVALLEY DR, RIVERVALLEY, SWORDS",,Dublin,386000,No,No,Second-Hand Dwelling house /Apartment
9/1/2020,"55 CLONTARF PK, DUBLIN 3, DUBLIN",Dublin 3,Dublin,545000,No,No,Second-Hand Dwelling house /Apartment
9/1/2020,"57 FANCOURT HEIGHTS, BALBRIGGAN, DUBLIN",,Dublin,227000,No,No,Second-Hand Dwelling house /Apartment
9/1/2020,"6 HAIL ST, ARDEE, CO LOUTH",,Louth,177500,No,No,Second-Hand Dwelling house /Apartment
9/1/2020,"6 lakelands place, blackrock",,Cork,340000,No,Yes,New Dwelling house /Apartment
9/1/2020,"6 ROSSE COURT HOUSE, LUCAN, DUBLIN",,Dublin,200000,No,No,Second-Hand Dwelling house /Apartment
9/1/2020,"60 ASHFIELD, LISTOWEL, KERRY",,Kerry,389000,No,No,Second-Hand Dwelling house /Apartment
9/1/2020,"64 THE RISE, BISHOPSTOWN, CORK",,Cork,315000,No,No,Second-Hand Dwelling house /Apartment
9/1/2020,"68 COLLEGE GREEN, DUNMORE RD, TUAM",,Galway,190000,No,No,Second-Hand Dwelling house /Apartment
9/1/2020,"76 TULLYVOHEEN, CLIFDEN",,Galway,55500,Yes,No,Second-Hand Dwelling house /Apartment
9/1/2020,"8 THE PADDOCKS, CASTLEREDMOND, MIDLETON",,Cork,295000,No,No,Second-Hand Dwelling house /Apartment
9/1/2020,"8 WHITEWALLS DR, NENAGH, TIPPERARY",,Tipperary,210000,No,No,Second-Hand Dwelling house /Apartment
9/1/2020,"84 COIS ABHAINN, TRALEE, CO KERRY",,Kerry,80000,No,No,Second-Hand Dwelling house /Apartment
9/1/2020,"88 ARDNACASSA AVE, LONGFORD, LONGFORD",,Longford,82500,No,No,Second-Hand Dwelling house /Apartment
9/1/2020,"9 GREENFIELDS, FRESHFORD RD, KILKENNY",,Kilkenny,325000,No,No,Second-Hand Dwelling house /Apartment
9/1/2020,"9 ST BRIDGETS PLACE UPPER, PROSPECT HILL, GALWAY",,Galway,240000,No,No,Second-Hand Dwelling house /Apartment
9/1/2020,"92 CITY GATE, ST AUGUSTINE ST, DUBLIN 8",Dublin 8,Dublin,243000,No,No,Second-Hand Dwelling house /Apartment
9/1/2020,"92 SUMMERSTOWN RD, WILTON, CORK",,Cork,320000,No,No,Second-Hand Dwelling house /Apartment
9/1/2020,"94 OAKTON PARK, BALLYBRACK, DUN LAOGHAIRE",,Dublin,435000,No,No,Second-Hand Dwelling house /Apartment
9/1/2020,"ALTAN, 12 LOVE LANE, CHARLEVILLE",,Cork,175000,No,No,Second-Hand Dwelling house /Apartment
9/1/2020,"AN ULLORD, 19 CASTLECOURT, CASTLECONNELL",,Limerick,262500,No,No,Second-Hand Dwelling house /Apartment
9/1/2020,"Apartment 15, Sycamore Hall, Clay Farm",Dublin 18,Dublin,365638.76,No,Yes,New Dwelling house /Apartment
9/1/2020,"APT 10, BUTLER COURT, LOWER ORMOND QUAY DUBLIN 1",Dublin 1,Dublin,210000,No,No,Second-Hand Dwelling house /Apartment
9/1/2020,"APT 1, KILTULLAGH NORTH, KILTULLAGH",,Galway,160000,No,No,Second-Hand Dwelling house /Apartment
9/1/2020,"APT 2, CULTRA HOUSE, LOWER RD",,Cork,182000,No,No,Second-Hand Dwelling house /Apartment
9/1/2020,"APT 404 RICHMOND COURT, RICHMOND COURT, MOUNT KENNETT COURT",,Limerick,97000,No,No,Second-Hand Dwelling house /Apartment
9/1/2020,"APT 621 BLOCK D1  THE CUBES, BEACON SOUTH QUARTER, SANDYFORD",Dublin 18,Dublin,322000,No,No,Second-Hand Dwelling house /Apartment
9/1/2020,"APT.11 -  AN DOIRIN, GREEN ST, DINGLE",,Kerry,150000,No,No,Second-Hand Dwelling house /Apartment
9/1/2020,"BALLINAKILLBEG, BENNEKERRY, CARLOW",,Carlow,395000,No,No,Second-Hand Dwelling house /Apartment
9/1/2020,"BALSCADDEN, RING COMMONS, DUBLIN",,Dublin,250000,No,No,Second-Hand Dwelling house /Apartment
9/1/2020,"BROOKWELL, CASTLECRINE, SIXMILEBRIDGE",,Clare,200000,Yes,No,Second-Hand Dwelling house /Apartment
9/1/2020,"CABRAGH, CLONDROHID, MACROOM",,Cork,70000,No,No,Second-Hand Dwelling house /Apartment
9/1/2020,"CAMROSS, MOUNTRATH, LAOIS",,Laois,250000,Yes,No,Second-Hand Dwelling house /Apartment
9/1/2020,"CARHUNAGRY, MULLAGH, ENNIS",,Clare,100000,No,No,Second-Hand Dwelling house /Apartment
9/1/2020,"CLIGGIN, DOON, LIMERICK",,Limerick,81000,No,No,Second-Hand Dwelling house /Apartment
9/1/2020,"COOLNABRONE, BORRIS, KILKENNY",,Kilkenny,230000,No,No,Second-Hand Dwelling house /Apartment
9/1/2020,"CORAL COTTAGE, DRUMISKABOLE, BALLISODARE",,Sligo,168000,No,No,Second-Hand Dwelling house /Apartment
9/1/2020,"DRUMNATINNEY, FALCARRAGH, DONEGAL",,Donegal,115000,No,No,Second-Hand Dwelling house /Apartment
9/1/2020,"ENAGHROE, FEDAMORE, LIMERICK",,Limerick,307500,No,No,Second-Hand Dwelling house /Apartment
9/1/2020,"GARRYPUFF, DUNDRUM, TIPPERARY",,Tipperary,179000,No,No,Second-Hand Dwelling house /Apartment
9/1/2020,"GLEANN, SOOEY, SLIGO",,Sligo,22000,No,No,Second-Hand Dwelling house /Apartment
9/1/2020,"GRACEFIELD, KILMALOGUE CROSS HOUSE, PORTARLINGTON",,Laois,35242,No,Yes,New Dwelling house /Apartment
9/1/2020,"GRIANAN, BALLINACURRA ROAD, LIMERICK",,Limerick,450000,No,No,Second-Hand Dwelling house /Apartment
9/1/2020,"INNISCARRA, BALLYBRIDE RD, SHANKILL DUBLIN 18",Dublin 18,Dublin,700000,No,No,Second-Hand Dwelling house /Apartment
9/1/2020,"KELLYSGROVE, BALLINASLOE, CO GALWAY",,Galway,45300,Yes,No,Second-Hand Dwelling house /Apartment
9/1/2020,"Kilcasey Upper, Camolin",,Wexford,202000,No,No,New Dwelling house /Apartment
9/1/2020,"KILCOTRIM LANE, BORRIS, CO CARLOW",,Carlow,138000,No,No,Second-Hand Dwelling house /Apartment
9/1/2020,"MAIN STREET, BALLINTRA, CO DONEGAL",,Donegal,60000,No,No,Second-Hand Dwelling house /Apartment
9/1/2020,"MAIN STREET, MANORHAMILTON, CO LEITRIM",,Leitrim,100000,No,No,Second-Hand Dwelling house /Apartment
9/1/2020,"POUND ST, BALLINGARRY, LIMERICK",,Limerick,55000,No,No,Second-Hand Dwelling house /Apartment
9/1/2020,"RATHREAGH, GALMOY, CROSSATRICK",,Kilkenny,160000,No,No,Second-Hand Dwelling house /Apartment
9/1/2020,"SIN E, NEWLANDS RD, DUBLIN 22",Dublin 22,Dublin,460000,No,No,Second-Hand Dwelling house /Apartment
9/1/2020,"SNOWHILL, SNOWTOWN, NAUL",,Meath,410000,No,No,Second-Hand Dwelling house /Apartment
9/1/2020,"TEMPLEMORE ROAD, CLOUGHJORDAN, CO TIPPERARY",,Tipperary,55000,No,No,Second-Hand Dwelling house /Apartment
9/1/2020,"VALLEY VIEW, FARRANLEA PARK, MODEL FARM RD",,Cork,1020000,No,No,Second-Hand Dwelling house /Apartment
10/1/2020,"1 Burgage Lane, Lusk",,Dublin,370000,No,Yes,New Dwelling house /Apartment
10/1/2020,"1 DRUMSHEEL, CONG, MAYO",,Mayo,149000,No,No,Second-Hand Dwelling house /Apartment
10/1/2020,"1 MOOREFIELD DR, CLONDALKIN, DUBLIN 22",Dublin 22,Dublin,220000,No,No,Second-Hand Dwelling house /Apartment
10/1/2020,"10 ST CATHERINES NURSING HOME, BOHERBUI, NEWCASTLEWEST",,Limerick,315000,No,No,Second-Hand Dwelling house /Apartment
10/1/2020,"105 JOLLY MARINER, COOSAN RD, ATHLONE",,Westmeath,185000,No,No,Second-Hand Dwelling house /Apartment
10/1/2020,"106 BELGROVE PK MT PROPSECT LAWNS, MOUNT PROSPECT AVE CLONTARF, DUBLIN CITY",Dublin 15,Dublin,375000,No,No,Second-Hand Dwelling house /Apartment
10/1/2020,"11 ARDMOR CLOSE, TALLAGHT, DUBLIN",Dublin 24,Dublin,205000,No,No,Second-Hand Dwelling house /Apartment
10/1/2020,"11 EGMONT WOODS, KANTURK, CORK",,Cork,320000,No,No,Second-Hand Dwelling house /Apartment
10/1/2020,"11 EMMET STREET, TIPPERARY TOWN, CO. TIPPERARY",,Tipperary,132773.58,No,No,Second-Hand Dwelling house /Apartment
10/1/2020,"11 FAIRFIELDS CLOSE, ADAMSTOWN, WEXFORD",,Wexford,130000,No,No,Second-Hand Dwelling house /Apartment
10/1/2020,"11 LISNAREE, STROKESTOWN, ROSCOMMON",,Roscommon,102500,No,No,Second-Hand Dwelling house /Apartment
10/1/2020,"11 Rahillion Way, Donabate, Co. Dublin",,Dublin,511014,No,Yes,New Dwelling house /Apartment
10/1/2020,"111 cedar walk, castleoaks, dublin road",,Carlow,237841.41,No,Yes,New Dwelling house /Apartment
10/1/2020,"112 BEECHDALE, KILCOOLE, WICKLOW",,Wicklow,290000,No,No,Second-Hand Dwelling house /Apartment
10/1/2020,"112 cedar walk, castleoaks, dublin road",,Carlow,237841.41,No,Yes,New Dwelling house /Apartment
10/1/2020,"115 BROOKWOOD AVE, ARTANE, DUBLIN 5",Dublin 5,Dublin,432500,No,No,Second-Hand Dwelling house /Apartment
10/1/2020,"119 Longstone, Blessington Road, Cradockstown",,Kildare,341675,No,Yes,New Dwelling house /Apartment
10/1/2020,"12 CRAIGLANDS, ARDEEVIN RD, DALKEY",,Dublin,500000,No,No,Second-Hand Dwelling house /Apartment
10/1/2020,"12 HAMPSTEAD PARK, SHANNON BANKS, CORBALLY",,Clare,135000,No,No,Second-Hand Dwelling house /Apartment
10/1/2020,"12 KINGS COURT, MUNGRET ST, LIMERICK",,Limerick,110000,No,No,Second-Hand Dwelling house /Apartment
10/1/2020,"12 THE CLOSE, RATHDALE, ENFIELD",,Meath,340000,No,No,Second-Hand Dwelling house /Apartment
10/1/2020,"120 HOGAN HOUSE, LORETO ABBEY, RATHFARNHAM DUBLIN 14",Dublin 14,Dublin,345000,No,No,Second-Hand Dwelling house /Apartment
10/1/2020,"121 ST MARY'S ROAD, EAST WALL, DUBLIN 3",Dublin 3,Dublin,387000,No,No,Second-Hand Dwelling house /Apartment
10/1/2020,"13 BLACKWOOD CRESCENT, ONGAR CHASE, DUBLIN 15",Dublin 15,Dublin,555000,No,No,Second-Hand Dwelling house /Apartment
10/1/2020,"13 GREENLODGE, MARYBOROUGH WOODS, DOUGLAS",,Cork,117891,No,No,Second-Hand Dwelling house /Apartment
10/1/2020,"13 ROCHFORT MANOR, GRAIGUECULLEN, CARLOW",,Carlow,165000,No,No,Second-Hand Dwelling house /Apartment
10/1/2020,"134 THE ACADEMY BUILDING POINT, PARK WEST DUBLIN 12, DUBLIN",Dublin 15,Dublin,134132,Yes,No,Second-Hand Dwelling house /Apartment
10/1/2020,"14 Manor View, Roxborough Manor, Mulgannon",,Wexford,192000,No,Yes,New Dwelling house /Apartment
10/1/2020,"14 QUAY ST, SLIGO",,Sligo,255000,No,No,Second-Hand Dwelling house /Apartment
10/1/2020,"141 WILLOW PARK, TULLOW RD, CARLOW",,Carlow,150000,No,No,Second-Hand Dwelling house /Apartment
10/1/2020,"15 DEVALERAST, YOUGHAL, CO CORK",,Cork,140000,No,No,Second-Hand Dwelling house /Apartment
10/1/2020,"15 PEMBROKE SQ, RINGSEND, DUBLIN 2",Dublin 4,Dublin,400000,No,No,Second-Hand Dwelling house /Apartment
10/1/2020,"15 RAMLEH CLOSE, MILLTOWN, DUBLIN 6",Dublin 6,Dublin,950000,No,No,Second-Hand Dwelling house /Apartment
10/1/2020,"15 SERPENTINE AVE, BALLSBRIDGE, DUBLIN 4",Dublin 4,Dublin,810000,No,No,Second-Hand Dwelling house /Apartment
10/1/2020,"152 BRACKEN HILL, SANDYFORD, DUBLIN 18",Dublin 18,Dublin,300000,No,No,Second-Hand Dwelling house /Apartment
10/1/2020,"153 LANSDOWNE PARK, BALLSBRIDGE, DUBLIN 4",Dublin 4,Dublin,1010000,No,No,Second-Hand Dwelling house /Apartment
10/1/2020,"16 ATHLUNKARD ST, LIMERICK, LIMERICK",,Limerick,100000,Yes,No,Second-Hand Dwelling house /Apartment
10/1/2020,"16 DISTLLERY QUAY, NAVAN, MEATH",,Meath,140000,No,No,Second-Hand Dwelling house /Apartment
10/1/2020,"162 CHARLESLAND COURT, GREYSTONES, WICKLOW",,Wicklow,290000,No,No,Second-Hand Dwelling house /Apartment
10/1/2020,"165 SKELLIG HOUSE, CUSTOM HOUSE SQ, MAYOR ST LOWER DUBLIN 1",Dublin 1,Dublin,400000,No,No,Second-Hand Dwelling house /Apartment
10/1/2020,"17 GARRISTOWN ORCHARD, GARRISTOWN",,Dublin,289867,No,Yes,New Dwelling house /Apartment
10/1/2020,"17 ST MARGARETS RD, MALAHIDE, DUBLIN",,Dublin,1000000,No,No,Second-Hand Dwelling house /Apartment
10/1/2020,"18 ST FACHTNAS TERRACE, SKIBBEREEN, CORK",,Cork,80000,No,No,Second-Hand Dwelling house /Apartment
10/1/2020,"18, Radharc na Suire, Knockboy",,Waterford,140088.11,No,Yes,New Dwelling house /Apartment
10/1/2020,"19 BARRETT ST, BAGENALSTOWN, CARLOW",,Carlow,85000,No,No,Second-Hand Dwelling house /Apartment
10/1/2020,"19 Lyreen Place, Mariavilla, Maynooth",,Kildare,339206,No,Yes,New Dwelling house /Apartment
10/1/2020,"2 OAKFIELD RD, SLIGO, SLIGO",,Sligo,185000,No,No,Second-Hand Dwelling house /Apartment
10/1/2020,"2 SOUTH POINT, PARNELL RD, BRAY",,Wicklow,310000,No,No,Second-Hand Dwelling house /Apartment
10/1/2020,"2 TUR CHLUANA, CLOYNE, CORK",,Cork,285000,No,No,Second-Hand Dwelling house /Apartment
10/1/2020,"2 WATERFIELD, OUGHTERARD, CO GALWAY",,Galway,140000,No,No,Second-Hand Dwelling house /Apartment
10/1/2020,"20 PARKLANDS, ATHENRY, GALWAY",,Galway,210000,No,No,Second-Hand Dwelling house /Apartment
10/1/2020,"20 WOODBINE WAY, PILLTOWN, ARDMORE",,Waterford,170000,No,No,Second-Hand Dwelling house /Apartment
10/1/2020,"201 TUR UISCE, DOUGHISKA, GALWAY",,Galway,188500,No,No,Second-Hand Dwelling house /Apartment
10/1/2020,"21 AN RADHARC, MARYBOROUGH RIDGE, DOUGLAS",,Cork,235000,No,No,Second-Hand Dwelling house /Apartment
10/1/2020,"21 ELMCASTLE WALK, KILNAMANAGH, DUBLIN 24",Dublin 24,Dublin,325000,No,No,Second-Hand Dwelling house /Apartment
10/1/2020,"21 MELVILLE PK, MEAKSTOWN, DUBLIN 11",Dublin 11,Dublin,245000,No,No,Second-Hand Dwelling house /Apartment
10/1/2020,"211 KILMAINHAM SQ, INCHICORE RD, DUBLIN 8",Dublin 8,Dublin,331000,No,No,Second-Hand Dwelling house /Apartment
10/1/2020,"23 CASTLEGATE STATION ROAD, PORTARLINGTON, CO. LAOIS",,Laois,187000,No,No,Second-Hand Dwelling house /Apartment
10/1/2020,"23 KILTILLANE COURT, TEMPLEMORE, TIPPERARY",,Tipperary,150000,Yes,No,Second-Hand Dwelling house /Apartment
10/1/2020,"23 KNOCKBRACK CLOSE MATTHEWS LANE, DROGHEDA, LOUTH",,Louth,190000,No,No,Second-Hand Dwelling house /Apartment
10/1/2020,"23 PARKLANE GREEN, ABBEYSIDE, DUNGARVIN",,Waterford,205000,No,No,Second-Hand Dwelling house /Apartment
10/1/2020,"23 SHANLISS WAY, SANTRY, DUBLIN 9",Dublin 9,Dublin,350000,No,No,Second-Hand Dwelling house /Apartment
10/1/2020,"24 ALTMOUNT PARK, DUBLIN ROAD, CO KILKENNY",,Kilkenny,170000,No,No,Second-Hand Dwelling house /Apartment
10/1/2020,"24 BROOKFIELD COURT, RICHMOND AVE SOUTH, DUBLIN 6",Dublin 6,Dublin,615000,No,No,Second-Hand Dwelling house /Apartment
10/1/2020,"24 MULAN MOR, TUAM RD, GALWAY",,Galway,175000,No,No,Second-Hand Dwelling house /Apartment
10/1/2020,"24 SWEET BRIAR LANE, KILMACUD, DUBLIN 14",Dublin 14,Dublin,600000,No,No,Second-Hand Dwelling house /Apartment
10/1/2020,"24 The Grove, St. Marnock's Bay, Station Road",,Dublin,400891,No,Yes,New Dwelling house /Apartment
10/1/2020,"243 NEPTUNE HOUSE, BELLEVUE APTS, ISLANDBRIDGE",Dublin 8,Dublin,320000,No,No,Second-Hand Dwelling house /Apartment
10/1/2020,"25 BALLSBRIDGE TERRACE, DUBLIN 4, DUBLIN",Dublin 4,Dublin,985000,No,No,Second-Hand Dwelling house /Apartment
10/1/2020,"25 KING VIEW GORTKESH OLDTOWN, CAVAN, CAVAN",,Cavan,95000,No,No,Second-Hand Dwelling house /Apartment
10/1/2020,"25 Oak Park Avenue, Naas, County Kildare",,Kildare,348017,No,Yes,New Dwelling house /Apartment
10/1/2020,"25 SAINT PATRICK'S ROAD, GREENHILLS, DUBLIN 12",,Dublin,349000,No,No,Second-Hand Dwelling house /Apartment
10/1/2020,"26 Clairville Lodge, Malahide",,Dublin,762114.54,No,Yes,New Dwelling house /Apartment
10/1/2020,"27 URSULINE COURT, WATERFORD, WATERFORD",,Waterford,185000,No,No,Second-Hand Dwelling house /Apartment
10/1/2020,"276 THE SYCAMORES, EDENDERRY, CO OFFALY",,Offaly,170000,No,No,Second-Hand Dwelling house /Apartment
10/1/2020,"28 CLONLIFFE AVE, DUBLIN 3, DUBLIN",Dublin 3,Dublin,275000,No,No,Second-Hand Dwelling house /Apartment
10/1/2020,"28 JOHNSTON COURT, CHURCH ST, CAVAN",,Cavan,80000,No,No,Second-Hand Dwelling house /Apartment
10/1/2020,"28 ROSBERCON COURT, LOWER ROSBERCON, NEW ROSS",,Wexford,63000,No,No,Second-Hand Dwelling house /Apartment
10/1/2020,"28 THE GLEBE, AISLING COURT, KILLUCAN",,Westmeath,96000,No,No,Second-Hand Dwelling house /Apartment
10/1/2020,"29 ROSEHILL, NEWPORT, TIPPERARY",,Tipperary,170000,No,No,Second-Hand Dwelling house /Apartment
10/1/2020,"3 ARDAN, CUL FLIUCH, TOWER",,Cork,300000,No,No,Second-Hand Dwelling house /Apartment
10/1/2020,"3 ASHGROVE LAWN, BALLINGARRANE, CLONMEL",,Tipperary,195000,No,No,Second-Hand Dwelling house /Apartment
10/1/2020,"3 BELMONT GREEN, NEWBRIDGE, CO KILDARE",,Kildare,345000,No,No,Second-Hand Dwelling house /Apartment
10/1/2020,"3 CLIFTON TERRACE, SEAPOINT AVE, MONKSTOWN",,Dublin,2240000,No,No,Second-Hand Dwelling house /Apartment
10/1/2020,"3 RACECOURSE LAWN, TRALEE, KERRY",,Kerry,73333,Yes,No,Second-Hand Dwelling house /Apartment
10/1/2020,"3 Radharc Na Tuaithe, Gogganstown, Knockraha",,Cork,100000,No,Yes,New Dwelling house /Apartment
10/1/2020,"3 SPOUTWELL LANE, MULLINGAR, WESTMEATH",,Westmeath,48000,Yes,No,Second-Hand Dwelling house /Apartment
10/1/2020,"3 ST EUNANS TCE, RAPHOE, DONEGAL",,Donegal,43000,No,No,Second-Hand Dwelling house /Apartment
10/1/2020,"3 TALBOT RD, MALAHIDE, DUBLIN",,Dublin,520000,No,No,Second-Hand Dwelling house /Apartment
10/1/2020,"3 THE GREEN, ROBERTSHILL, KILKENNY",,Kilkenny,196000,No,No,Second-Hand Dwelling house /Apartment
10/1/2020,"30 DROMARD RD, DRIMNAGH, DUBLIN 12",Dublin 12,Dublin,347000,No,No,Second-Hand Dwelling house /Apartment
10/1/2020,"30 FAIRHAVEN ROAD, CASTLEKNOCK ROAD, CASTLEKNOCK  DUBLIN 15.",Dublin 15,Dublin,549000,No,No,Second-Hand Dwelling house /Apartment
10/1/2020,"30 LANSDOWNE VILLAGE, SANDYMOUNT, DUBLIN 4",Dublin 4,Dublin,605000,No,No,Second-Hand Dwelling house /Apartment
10/1/2020,"30 PARK DR CLOSE, CASTLKNOCK DUBLIN 15, DUBLIN",Dublin 15,Dublin,418000,No,No,Second-Hand Dwelling house /Apartment
10/1/2020,"31 INBHEAR SCEINE, KENMARE, KERRY",,Kerry,240000,No,No,Second-Hand Dwelling house /Apartment
10/1/2020,"31 RAVENSWOOD, CREGG ROAD, CARRICK ON SUIR",,Tipperary,124000,No,No,Second-Hand Dwelling house /Apartment
10/1/2020,"32 SOUTH GATE, CORK ST, DUBLIN 8",Dublin 8,Dublin,245000,No,No,Second-Hand Dwelling house /Apartment
10/1/2020,"33 SLIABH BREAGH, ARDEE, LOUTH",,Louth,171000,No,No,Second-Hand Dwelling house /Apartment
10/1/2020,"34 RIBH RD, ARTANE, DUBLIN 5",Dublin 5,Dublin,132500,Yes,No,Second-Hand Dwelling house /Apartment
10/1/2020,"35 The Avenue, Westfield, Leixlip",,Kildare,528635,No,Yes,New Dwelling house /Apartment
10/1/2020,"35 The Strand, Marina Village, Greystones",,Wicklow,405286.34,No,Yes,New Dwelling house /Apartment
10/1/2020,"36 OAKFIELD DR, THURLES, TIPPERARY",,Tipperary,125000,No,No,Second-Hand Dwelling house /Apartment
10/1/2020,"37 BRIAN RD, MARINO, DUBLIN 3",Dublin 3,Dublin,385000,No,No,Second-Hand Dwelling house /Apartment
10/1/2020,"37 CHELMSFORD RD, RANELAGH, DUBLIN 6",Dublin 6,Dublin,1000000,No,No,Second-Hand Dwelling house /Apartment
10/1/2020,"37 OAKLANDS AVE, SWORDS, DUBLIN",,Dublin,290000,No,No,Second-Hand Dwelling house /Apartment
10/1/2020,"38 MELVILLE WAY, CITYSIDE, FINGLAS DUBLIN 11",Dublin 11,Dublin,202000,No,No,Second-Hand Dwelling house /Apartment
10/1/2020,"38 ROWAN PARK, LETTERKENNY, DONEGAL",,Donegal,225000,No,No,Second-Hand Dwelling house /Apartment
10/1/2020,"39 WELLPARK GROVE, WELLPARK, GALWAY",,Galway,325000,No,No,Second-Hand Dwelling house /Apartment
10/1/2020,"4 BISHOPS COURT, TERMONFECKIN, LOUTH",,Louth,215000,No,No,Second-Hand Dwelling house /Apartment
10/1/2020,"4 CAHERGAL AVE, BALLYVOLANE RD, CORK",,Cork,260000,No,No,Second-Hand Dwelling house /Apartment
10/1/2020,"4 CREEVY RD, ROSCOMMON, CO. ROSCOMMON",,Roscommon,125000,No,No,Second-Hand Dwelling house /Apartment
10/1/2020,"4 GLEANN BUI, BALLYMACODA, CORK",,Cork,173000,No,No,Second-Hand Dwelling house /Apartment
10/1/2020,"4 Meadowbank Grove, Millers Glen, Swords",,Dublin,378856.38,No,Yes,New Dwelling house /Apartment
10/1/2020,"4 Radharc Na Tuaithe, Gogganstown, Knockraha",,Kildare,100000,No,Yes,New Dwelling house /Apartment
10/1/2020,"404 LE FANU RD, BALLYFERMOT, DUBLIN 10",Dublin 10,Dublin,242000,No,No,Second-Hand Dwelling house /Apartment
10/1/2020,"44 CASTLE DRIVE, SWORDS, CO DUBLIN",,Dublin,300000,No,No,Second-Hand Dwelling house /Apartment
10/1/2020,"45 RATH GAILINE, DUBLIN RD, PORTLAOISE",,Laois,230000,No,No,Second-Hand Dwelling house /Apartment
10/1/2020,"49 BELMONT PLACE, COBH, CORK",,Cork,130000,Yes,No,Second-Hand Dwelling house /Apartment
10/1/2020,"49 RAHEEN CLOSE, TALLAGHT, DUBLIN 24",Dublin 24,Dublin,325000,No,No,Second-Hand Dwelling house /Apartment
10/1/2020,"5 ANNAVILLE GROVE, DUNDRUM RD, DUBLIN 14",Dublin 14,Dublin,620000,No,No,Second-Hand Dwelling house /Apartment
10/1/2020,"5 BYRNE AVE, PROSPECT, LIMERICK",,Limerick,100000,Yes,No,Second-Hand Dwelling house /Apartment
10/1/2020,"5 EDEN PARK, LOUGHREA, GALWAY",,Galway,225000,No,No,Second-Hand Dwelling house /Apartment
10/1/2020,"5 OWENRIFF PARK, OUGHTERARD, GALWAY",,Galway,505000,No,No,Second-Hand Dwelling house /Apartment
10/1/2020,"5 Radharc Na Tuaithe, Gogganstown, Knockraha",,Cork,100000,No,Yes,New Dwelling house /Apartment
10/1/2020,"5 THE CEDARS, MONKSTOWN VALLEY, MONKSTOWN",,Dublin,386000,No,No,Second-Hand Dwelling house /Apartment
10/1/2020,"51 HYBREASAL HOUSE, SOUTH CIRCULAR RD, KILMAINHAM DUBLIN 8",Dublin 8,Dublin,224000,No,No,Second-Hand Dwelling house /Apartment
10/1/2020,"51 ST KILLIAN'S CRESCENT, CARLOW",,Carlow,140000,No,No,Second-Hand Dwelling house /Apartment
10/1/2020,"52 ASHGROVE LAWN, CLONMEL, CO TIPPERARY",,Tipperary,210000,No,No,Second-Hand Dwelling house /Apartment
10/1/2020,"52 KILDERRY HALL, ASHBOURNE, MEATH",,Meath,191000,No,No,Second-Hand Dwelling house /Apartment
10/1/2020,"52 MC KEE RD, DUBLIN 11, DUBLIN",Dublin 11,Dublin,335000,No,No,Second-Hand Dwelling house /Apartment
10/1/2020,"52 OAK GLADE HALL, NAAS, KILDARE",,Kildare,195000,Yes,No,Second-Hand Dwelling house /Apartment
10/1/2020,"52 ST JOHNS WELL WAY, KILMAINHAM, DUBLIN 8",Dublin 8,Dublin,361259,No,No,Second-Hand Dwelling house /Apartment
10/1/2020,"53 Cloghgarrett Abbey, Rathbride Road, Kildare",,Kildare,299559.46,No,Yes,New Dwelling house /Apartment
10/1/2020,"55 RED BARN, YOUGHAL, CORK",,Cork,110000,No,No,Second-Hand Dwelling house /Apartment
10/1/2020,"56 COLLINS SQ, BENBURB ST, DUBLIN 7",Dublin 7,Dublin,264000,No,No,Second-Hand Dwelling house /Apartment
10/1/2020,"6 BLOCK A CITYWEST, TALLAGHT BELFRY HALL, DUBLIN 24",Dublin 24,Dublin,197000,No,No,Second-Hand Dwelling house /Apartment
10/1/2020,"6 CASTLE STREET, BALLYSHANNON, COUNTY DONEGAL",,Donegal,53333,No,No,Second-Hand Dwelling house /Apartment
10/1/2020,"6 CHANTIERE GATE, PORTLAOISE, CO LAOIS",,Laois,395000,No,No,Second-Hand Dwelling house /Apartment
10/1/2020,"6 GREEN MILL LANE, PORTLAOISE, CO LAOIS",,Laois,110000,No,No,Second-Hand Dwelling house /Apartment
10/1/2020,"6 Radharc Na Tuaithe, Gogganstown, Knockraha",,Cork,100000,No,Yes,New Dwelling house /Apartment
10/1/2020,"6 THE SYCAMORES, NAAS, CO KILDARE",,Kildare,670000,No,No,Second-Hand Dwelling house /Apartment
10/1/2020,"6 UPPER NEW ST, KILKENNY",,Kilkenny,332000,No,No,Second-Hand Dwelling house /Apartment
10/1/2020,"60 ST MAELRUAN'S PARK, TALLAGHT, DUBLIN 24",Dublin 24,Dublin,235000,No,No,Second-Hand Dwelling house /Apartment
10/1/2020,"61 HOWTH RD, HOWTH, DUBLIN",Dublin 13,Dublin,650000,No,No,Second-Hand Dwelling house /Apartment
10/1/2020,"61 SILVER QUAY, ATHLONE, WESTMEATH",,Westmeath,183000,No,No,Second-Hand Dwelling house /Apartment
10/1/2020,"63 CORKE ABBEY, BRAY, WICKLOW",,Dublin,378000,No,No,Second-Hand Dwelling house /Apartment
10/1/2020,"65 FITZWILLIAM QUAY, RINGSEND, DUBLIN 4",Dublin 4,Dublin,386000,No,No,Second-Hand Dwelling house /Apartment
10/1/2020,"66 Ashfield Avenue, Ridgewood, Forrest Road",,Dublin,392100,No,Yes,New Dwelling house /Apartment
10/1/2020,"66 WILTON MANOR, RATHNEW, WICKLOW",,Wicklow,280000,No,No,Second-Hand Dwelling house /Apartment
10/1/2020,"67 Bishops Gate, Enniskerry Road, Kilternan",Dublin 18,Dublin,427313,No,Yes,New Dwelling house /Apartment
10/1/2020,"68 Hollywoodrath Avenue, Hollystown, Dublin",,Dublin,321586,No,Yes,New Dwelling house /Apartment
10/1/2020,"69 GRIANAN FIDH, AIKENS VILLAGE, SANDYFORD DUBLIN 18",Dublin 18,Dublin,506000,No,No,Second-Hand Dwelling house /Apartment
10/1/2020,"7 DEANS GRANGE RD, BLACKROCK, DUBLIN",,Dublin,575000,No,No,Second-Hand Dwelling house /Apartment
10/1/2020,"7 DEERPARK, CLONEA, CARRICK ON SUIR",,Waterford,140000,No,No,Second-Hand Dwelling house /Apartment
10/1/2020,"7 MAIN ST, SHILLELAGH, CO WICKLOW",,Wicklow,95000,No,No,Second-Hand Dwelling house /Apartment
10/1/2020,"7 Radharc Na Tuaithe, Gogganstown, Knockraha",,Cork,100000,No,Yes,New Dwelling house /Apartment
10/1/2020,"7 Riverwood Square, Castleknock, Dublin 15",,Dublin,378854.63,No,Yes,New Dwelling house /Apartment
10/1/2020,"70 EDGEWORTH COURT, LONGWOOD, MEATH",,Meath,160000,No,No,Second-Hand Dwelling house /Apartment
10/1/2020,"72 BRUACH TAILTE, NENAGH, TIPPERARY",,Tipperary,202000,No,No,Second-Hand Dwelling house /Apartment
10/1/2020,"72 HIGHTHORN PARK, DUN LAOGHAIRE, DUBLIN",,Dublin,645000,No,No,Second-Hand Dwelling house /Apartment
10/1/2020,"76 WALSH RD, DRUMCONDRA, DUBLIN 9",Dublin 9,Dublin,43000,Yes,No,Second-Hand Dwelling house /Apartment
10/1/2020,"77 FERRYCARRIG DR, FAIRFIELD, COOLOCK DUBLIN 17",Dublin 17,Dublin,247000,No,No,Second-Hand Dwelling house /Apartment
10/1/2020,"8 Radharc Na Tuaithe, Gogganstown, Knockraha",,Cork,100000,No,Yes,New Dwelling house /Apartment
10/1/2020,"8 RIVERWOOD CLOSE, CARPENTERSTOWN, CASTLEKNOCK DUBLIN 15",Dublin 15,Dublin,380000,No,No,Second-Hand Dwelling house /Apartment
10/1/2020,"8 TYMON NORTH AVE, TALLAGHT DUBLIN 24, DUBLIN",Dublin 24,Dublin,230000,No,No,Second-Hand Dwelling house /Apartment
10/1/2020,"8 WILLOW WOOD VIEW, CLONSILLA, DUBLIN 15",Dublin 15,Dublin,270000,No,No,Second-Hand Dwelling house /Apartment
10/1/2020,"83 DUNMANUS RD, CABRA WEST, DUBLIN 7",Dublin 7,Dublin,265000,No,No,Second-Hand Dwelling house /Apartment
10/1/2020,"83 RIPLEY HILLS, BRAY, WICKLOW",,Wicklow,338000,No,No,Second-Hand Dwelling house /Apartment
10/1/2020,"87 CRODAUN FOREST PARK, CELBRIDGE, KILDARE",,Kildare,469000,No,No,Second-Hand Dwelling house /Apartment
10/1/2020,"89 GRIANAN FIDH, AIKENS VILLAGE, SANDYFORD DUBLIN 18",Dublin 18,Dublin,460000,No,No,Second-Hand Dwelling house /Apartment
10/1/2020,"9  the Mews, Heathfield, Carriganarra",,Cork,356828.19,No,Yes,New Dwelling house /Apartment
10/1/2020,"9 GREEN STREET, ROSCREA, COUNTY TIPPERARY",,Tipperary,78000,No,No,Second-Hand Dwelling house /Apartment
10/1/2020,"9 RADHARC NA TUAITHE, GOGGANSTOWN KNOCKRAHA, CORK",,Cork,100000,No,No,Second-Hand Dwelling house /Apartment
10/1/2020,"9 rahillion way, donabate",,Dublin,427313,No,Yes,New Dwelling house /Apartment
10/1/2020,"9 Retreat Park, Athlone",,Westmeath,250000,No,Yes,New Dwelling house /Apartment
10/1/2020,"9 Riverwood Square, Castleknock, Dublin 15",,Dublin,370000,No,No,Second-Hand Dwelling house /Apartment
10/1/2020,"92 CARRIG COURT, CITYWEST, SAGGART",Dublin 24,Dublin,300000,No,No,Second-Hand Dwelling house /Apartment
10/1/2020,"ABBEY ST, TIMOLEAGUE, BANDON",,Cork,202500,No,No,Second-Hand Dwelling house /Apartment
